–û—Ç–º–µ—Ç–∫–∞ –≤—Ä–µ–º–µ–Ω–∏	–¢–∏–ø –ø—Ä–æ–±–ª–µ–º—ã	–ù–∞–∑–≤–∞–Ω–∏–µ –ø—Ä–æ–¥—É–∫—Ç–∞	–°—Å—ã–ª–∫–∞ –Ω–∞ –ø—É—à –≤ —Ä–µ–ø–µ	–ö–æ–º–º–µ–Ω—Ç–∞—Ä–∏–π
18.03.2022 11:59:30	–∏–Ω—Å—Ç—Ä—É–º–µ–Ω—Ç ddos	Death by 1000 needles	https://github.com/Arriven/db1000n	–ø–æ–ª—É—á–∞–µ—Ç –∫–æ–Ω—Ñ–∏–≥ —Å ip –∞–¥—Ä–µ—Å–∞–º–∏ –∏ –Ω–∞—á–∏–Ω–∞–µ—Ç —Ñ–ª—É–¥–∏—Ç—å —Ç—Ä–∞—Ñ–∏–∫–æ–º
17.03.2022 15:27:03	–Ø –¥—É–º–∞—é, —Å—Ç–æ–∏—Ç –ø–æ–¥—Ä–æ–±–Ω–æ –æ–ø–∏—Å–∞—Ç—å –∫–∞–∫ –∂–∞–ª–æ–≤–∞—Ç—å—Å—è –Ω–∞ –∞–≤—Ç–æ—Ä–æ–≤ –ø–æ–¥–æ–±–Ω—ã—Ö –¥–∏—Å—Ç—Ä–∏–±—É—Ç–∏–≤–æ–≤ –∏–ª–∏ –ø–∞—Ç—á–µ–π.	–í—Å–µ	https://github.com/vnestoruk/ban-dera	–Ø –º–∏–Ω—É—Ç –ø—è—Ç—å –∏—Å–∫–∞–ª –∑–∞–≤–µ—Ç–Ω—É—é –∫–Ω–æ–ø–æ—á–∫—É. –ù–∞ —Ä–µ–ø—É –ø–æ–∂–∞–ª–æ–≤–∞—Ç—å—Å—è –Ω–µ–ª—å–∑—è. –ù–∞ –∞–≤—Ç–æ—Ä–∞ –º–æ–∂–Ω–æ.
17.03.2022 17:16:02	–ú–∞–ª–≤–∞—Ä—å, —à–∏—Ñ—Ä–æ–≤–∞–ª—å—â–∏–∫ –∏–ª–∏ –∏–Ω—ã–µ —Ñ–∞—Ç–∞–ª—å–Ω—ã–µ —É–≥—Ä–æ–∑—ã	erkexzcx/stoppropaganda	https://github.com/erkexzcx/stoppropaganda	–î–æ—Å–∏–ª–∫–∞
17.03.2022 17:16:38	–ú–∞–ª–≤–∞—Ä—å, —à–∏—Ñ—Ä–æ–≤–∞–ª—å—â–∏–∫ –∏–ª–∏ –∏–Ω—ã–µ —Ñ–∞—Ç–∞–ª—å–Ω—ã–µ —É–≥—Ä–æ–∑—ã	opengs/uashield	https://github.com/opengs/uashield	–î–æ—Å–∏–ª–∫–∞
17.03.2022 17:17:39	–ú–∞–ª–≤–∞—Ä—å, —à–∏—Ñ—Ä–æ–≤–∞–ª—å—â–∏–∫ –∏–ª–∏ –∏–Ω—ã–µ —Ñ–∞—Ç–∞–ª—å–Ω—ã–µ —É–≥—Ä–æ–∑—ã	ajax-lives/NoRussian	https://github.com/ajax-lives/NoRussian	–¥–æ—Å–∏–ª–∫–∞
17.03.2022 17:18:19	–ú–∞–ª–≤–∞—Ä—å, —à–∏—Ñ—Ä–æ–≤–∞–ª—å—â–∏–∫ –∏–ª–∏ –∏–Ω—ã–µ —Ñ–∞—Ç–∞–ª—å–Ω—ã–µ —É–≥—Ä–æ–∑—ã	metastck/putler-doser	https://github.com/metastck/putler-doser	–î–æ—Å–∏–ª–∫–∞
17.03.2022 17:19:30	–ú–∞–ª–≤–∞—Ä—å, —à–∏—Ñ—Ä–æ–≤–∞–ª—å—â–∏–∫ –∏–ª–∏ –∏–Ω—ã–µ —Ñ–∞—Ç–∞–ª—å–Ω—ã–µ —É–≥—Ä–æ–∑—ã	RusskijKorablIdiNaxuj/RusskijKorablIdiNaxuj	https://github.com/RusskijKorablIdiNaxuj/RusskijKorablIdiNaxuj	–î–æ—Å–∏–ª–∫–∞
17.03.2022 17:20:15	–ú–∞–ª–≤–∞—Ä—å, —à–∏—Ñ—Ä–æ–≤–∞–ª—å—â–∏–∫ –∏–ª–∏ –∏–Ω—ã–µ —Ñ–∞—Ç–∞–ª—å–Ω—ã–µ —É–≥—Ä–æ–∑—ã	0x77dev/stoprussia	https://github.com/0x77dev/stoprussia	–î–æ—Å–∏–ª–∫–∞
17.03.2022 17:20:34	–ú–∞–ª–≤–∞—Ä—å, —à–∏—Ñ—Ä–æ–≤–∞–ª—å—â–∏–∫ –∏–ª–∏ –∏–Ω—ã–µ —Ñ–∞—Ç–∞–ª—å–Ω—ã–µ —É–≥—Ä–æ–∑—ã	smrt-fascismu/RuskiBot-Reddit	https://github.com/smrt-fascismu/RuskiBot-Reddit	–î–æ—Å–∏–ª–∫–∞
17.03.2022 18:47:02	–ú–∞–ª–≤–∞—Ä—å, —à–∏—Ñ—Ä–æ–≤–∞–ª—å—â–∏–∫ –∏–ª–∏ –∏–Ω—ã–µ —Ñ–∞—Ç–∞–ª—å–Ω—ã–µ —É–≥—Ä–æ–∑—ã	muterussia/MuteRussia	https://github.com/muterussia/MuteRussia	–î–æ—Å–∏–ª–∫–∞
17.03.2022 18:47:48	–ú–∞–ª–≤–∞—Ä—å, —à–∏—Ñ—Ä–æ–≤–∞–ª—å—â–∏–∫ –∏–ª–∏ –∏–Ω—ã–µ —Ñ–∞—Ç–∞–ª—å–Ω—ã–µ —É–≥—Ä–æ–∑—ã	ievgen11/ddoser	https://github.com/ievgen11/ddoser	–î–æ—Å–∏–ª–∫–∞
19.03.2022 23:23:30	–ú–∞–ª–≤–∞—Ä—å, —à–∏—Ñ—Ä–æ–≤–∞–ª—å—â–∏–∫ –∏–ª–∏ –∏–Ω—ã–µ —Ñ–∞—Ç–∞–ª—å–Ω—ã–µ —É–≥—Ä–æ–∑—ã	dxh-team/CDUW	https://github.com/dxh-team/CDUW/commit/e2ae41c9315e1de2c32a1b0983f7c897e342d96f	–ü–û —Ä–∞–∑—Ä–∞–±–æ—Ç–∞–Ω–Ω–æ–µ –∏ –Ω–∞—Å—Ç—Ä–æ–µ–Ω–Ω–æ–µ –¥–ª—è –∞—Ç–∞–∫ —Ä–µ—Å—É—Ä—Å–æ–≤ –†–§
19.03.2022 23:11:42	–ú–∞–ª–≤–∞—Ä—å, —à–∏—Ñ—Ä–æ–≤–∞–ª—å—â–∏–∫ –∏–ª–∏ –∏–Ω—ã–µ —Ñ–∞—Ç–∞–ª—å–Ω—ã–µ —É–≥—Ä–æ–∑—ã	ch33r10/SunflowerCon	https://github.com/ch33r10/SunflowerCon/commit/424e61c74463949dd43a62435ac8e332f4ba5a5f	–°—Ç—Ä–∞–Ω–∏—Ü–∞ –ø–æ –∫–æ–æ—Ä–¥–∏–Ω–∞—Ü–∏–∏ –∏ —Å–±–æ—Ä—É IT - —Ä–∞–∑–≤–µ–¥–¥–∞–Ω–Ω—ã—Ö –Ω–∞—Ü–µ–ª–µ–Ω–Ω—ã—Ö –Ω–∞ –∞—Ç–∞–∫–∏ –∏–Ω—Ñ—Ä–∞—Å—Ç—Ä—É–∫—Ç—É—Ä—ã –†–§
19.03.2022 23:03:08	–ú–∞–ª–≤–∞—Ä—å, —à–∏—Ñ—Ä–æ–≤–∞–ª—å—â–∏–∫ –∏–ª–∏ –∏–Ω—ã–µ —Ñ–∞—Ç–∞–ª—å–Ω—ã–µ —É–≥—Ä–æ–∑—ã	alexander-danilenko/ua-loadtest	https://github.com/alexander-danilenko/ua-loadtest/commit/ce994b94bf8cc67fd04914d08e3913bcac1c4f53	–ü–û –¥–ª—è –Ω–∞–≥—Ä—É–∑–æ—á–Ω–æ–≥–æ —Ç–µ—Å—Ç–∏—Ä–æ–≤–∞–Ω–∏—è, –æ—Ä–∏–µ–Ω—Ç–∏—Ä–æ–≤–∞–Ω–Ω–æ–µ –Ω–∞ –∏—Å–ø–æ–ª—å–∑–æ–≤–∞–Ω–∏—è –≤ DDoS –∞—Ç–∞–∫–∞—Ö –Ω–∞ —Ä–µ—Å—É—Ä—Å—ã –†–§
19.03.2022 22:56:47	–ú–∞–ª–≤–∞—Ä—å, —à–∏—Ñ—Ä–æ–≤–∞–ª—å—â–∏–∫ –∏–ª–∏ –∏–Ω—ã–µ —Ñ–∞—Ç–∞–ª—å–Ω—ã–µ —É–≥—Ä–æ–∑—ã	opengs/uashield	https://github.com/opengs/uashield/commit/f5de10a10e9e2c872450fe82454e838e62ff2d2f	–ü–û –¥–ª—è —Ö–∞–∫–µ—Ä—Å–∫–∏—Ö –∞—Ç–∞–∫ –Ω–∞—Å—Ç—Ä–æ–µ–Ω–Ω–æ–µ –Ω–∞ –∞—Ç–∞–∫–∏ –∏–Ω—Ñ—Ä–∞—Å—Ç—Ä—É–∫—Ç—É—Ä—ã –∏ –æ—Ä–≥–∞–Ω–∏–∑–∞—Ü–∏–π –≤ –†–§
19.03.2022 22:55:28	–ú–∞–ª–≤–∞—Ä—å, —à–∏—Ñ—Ä–æ–≤–∞–ª—å—â–∏–∫ –∏–ª–∏ –∏–Ω—ã–µ —Ñ–∞—Ç–∞–ª—å–Ω—ã–µ —É–≥—Ä–æ–∑—ã	curated-intel/Ukraine-Cyber-Operations	curated-intel/Ukraine-Cyber-Operations	–°—Ç—Ä–∞–Ω–∏—Ü–∞ –∫—É—Ä–∞—Ç–æ—Ä–æ–≤ IT-—Ä–∞–∑–≤–µ–¥–æ–∫ –¥–ª—è –∫–æ–æ—Ä–¥–∏–Ω–∞—Ü–∏–∏ –∏–Ω—Ñ–æ—Ä–º–∞—Ü–∏–∏ –Ω–µ–æ–±—Ö–æ–¥–∏–º–æ–π –¥–ª—è –ø—Ä–æ–≤–µ–¥–µ–Ω–∏—è —Ö–∞–∫–µ—Ä—Å–∫–∏—Ö –∞—Ç–∞–∫ –∏ —Å–±–æ—Ä–∞ —Ä–∞–∑–≤–µ–¥–¥–∞–Ω–Ω—ã—Ö –æ —Ä–∞–∑–≤–µ–¥–∫–µ –†–§
19.03.2022 22:50:46	–ú–∞–ª–≤–∞—Ä—å, —à–∏—Ñ—Ä–æ–≤–∞–ª—å—â–∏–∫ –∏–ª–∏ –∏–Ω—ã–µ —Ñ–∞—Ç–∞–ª—å–Ω—ã–µ —É–≥—Ä–æ–∑—ã	erkexzcx/stoppropaganda	https://github.com/erkexzcx/stoppropaganda/commit/d1e0a530e6ebce2b61df2afa038956c074998292	–•–∞–∫–µ—Ä—Å–∫–æ–µ –ü–û –¥–ª—è –ø—Ä–æ–≤–µ–¥–µ–Ω–∏—è DDoS –∞—Ç–∞–∫, –Ω–∞—Å—Ç—Ä–æ–µ–Ω–Ω–æ–µ –Ω–∞ –∏–Ω—Ñ—Ä–∞—Å—Ç—Ä—É–∫—Ç—É—Ä—É –∏ —Ä–µ—Å—É—Ä—Å—ã –†–§
19.03.2022 22:46:59	–ú–∞–ª–≤–∞—Ä—å, —à–∏—Ñ—Ä–æ–≤–∞–ª—å—â–∏–∫ –∏–ª–∏ –∏–Ω—ã–µ —Ñ–∞—Ç–∞–ª—å–Ω—ã–µ —É–≥—Ä–æ–∑—ã	dimboknv/tg-stand-with-ukraine	https://github.com/dimboknv/tg-stand-with-ukraine/commit/77b82fdf8e8552131736b8f0af52d2d37c3de020	–¢–µ–ª–µ–≥—Ä–∞–º –±–æ—Ç –¥–ª—è –º–∞—Å—Å–æ–≤–æ–π —Ä–∞—Å—Å—ã–ª–∫–∏ –∂–∞–ª–æ–± –Ω–∞ —Ç–µ–ª–µ–≥—Ä–∞–º-–∫–∞–Ω–∞–ª—ã
19.03.2022 22:45:47	–ú–∞–ª–≤–∞—Ä—å, —à–∏—Ñ—Ä–æ–≤–∞–ª—å—â–∏–∫ –∏–ª–∏ –∏–Ω—ã–µ —Ñ–∞—Ç–∞–ª—å–Ω—ã–µ —É–≥—Ä–æ–∑—ã	mytechnotalent/turbo-scanner	https://github.com/mytechnotalent/turbo-scanner/commit/9a03670ada0ef5253f9ecde397c2edd7ed572352?short_path=b335630#diff-b335630551682c19a781afebcf4d07bf978fb1f8ac04c6bf87428ed5106870f5	–°–µ—Ç–µ–≤–æ–π —Å–∫–∞–Ω–µ—Ä. –ò–Ω—Å—Ç—Ä—É–º–µ–Ω—Ç –∏—Å–ø–æ–ª—å–∑—É–µ–º—ã–π –¥–ª—è –ø—Ä–æ–≤–µ–¥–µ–Ω–∏—è —Ö–∞–∫–µ—Ä—Å–∫–∏—Ö –∞—Ç–∞–∫. –ù–∞ —Å—Ç—Ä–∞–Ω–∏—Ü–µ –¥–æ–±–∞–≤–ª–µ–Ω —Ç–µ–≥ Ukraine.
19.03.2022 22:40:28	–ú–∞–ª–≤–∞—Ä—å, —à–∏—Ñ—Ä–æ–≤–∞–ª—å—â–∏–∫ –∏–ª–∏ –∏–Ω—ã–µ —Ñ–∞—Ç–∞–ª—å–Ω—ã–µ —É–≥—Ä–æ–∑—ã	GloryToUA/Justice3	https://github.com/GloryToUA/Justice3/commit/38d5e7710929d6a6b19e7c60a867ef6a391abac0	–ò–Ω—Å—Ç—Ä—É–º–µ–Ω—Ç–∞—Ä–∏–π –¥–ª—è —Ö–∞–∫–µ—Ä—Å–∫–∏—Ö –∞—Ç–∞–∫, –Ω–∞—Ü–µ–ª–µ–Ω–Ω—ã–π –Ω–∞ –Ω–µ—Ñ—Ç–µ–¥–æ–±—ã–≤–∞—é—â—É—é –æ—Ç—Ä–∞—Å–ª—å
19.03.2022 22:04:26	–ú–∞–ª–≤–∞—Ä—å, —à–∏—Ñ—Ä–æ–≤–∞–ª—å—â–∏–∫ –∏–ª–∏ –∏–Ω—ã–µ —Ñ–∞—Ç–∞–ª—å–Ω—ã–µ —É–≥—Ä–æ–∑—ã	sanfarans/hack4ukraine	https://github.com/sanfarans/hack4ukraine	–ü—Ä–µ–¥–ø–æ–ª–æ–∂–∏—Ç–µ–ª—å–Ω–æ - –ü–û —Ä–∞–∑—Ä–∞–±–∞—Ç—ã–≤–∞–µ–º–æ–µ –¥–ª—è –ø—Ä–æ–≤–µ–¥–µ–Ω–∏—è —Ö–∞–∫–µ—Ä—Å–∫–∏—Ö –∞—Ç–∞–∫ –Ω–∞ –†–§
19.03.2022 21:53:09	–ú–∞–ª–≤–∞—Ä—å, —à–∏—Ñ—Ä–æ–≤–∞–ª—å—â–∏–∫ –∏–ª–∏ –∏–Ω—ã–µ —Ñ–∞—Ç–∞–ª—å–Ω—ã–µ —É–≥—Ä–æ–∑—ã	tweedge/ru-ok	https://github.com/tweedge/ru-ok/commit/f0e1c5cc0c3ceb3e39ccc781a0e4c18a65069595	–§—Ä–µ–π–º–≤–æ—Ä–∫ –¥–ª—è –º–æ–Ω–∏—Ç–æ—Ä–∏–Ω–≥–∞ —Ä–µ—Å—É—Ä—Å–æ–≤ –ø—Ä–∏ –ø—Ä–æ–≤–µ–¥–µ–Ω–∏–∏ –∞—Ç–∞–∫ –Ω–∞ —Ä–µ—Å—É—Ä—Å—ã –†–§ –∏ –≤–µ–¥–µ–Ω–∏—è –∏–Ω—Ñ–æ—Ä–º–∞—Ü–∏–æ–Ω–Ω–æ–π —Ä–∞–∑–≤–µ–¥–∫–∏
19.03.2022 21:32:23	–ú–∞–ª–≤–∞—Ä—å, —à–∏—Ñ—Ä–æ–≤–∞–ª—å—â–∏–∫ –∏–ª–∏ –∏–Ω—ã–µ —Ñ–∞—Ç–∞–ª—å–Ω—ã–µ —É–≥—Ä–æ–∑—ã	0x77dev/stoprussia	https://github.com/0x77dev/stoprussia	–ù–∞–±–æ—Ä –∏–Ω—Å—Ç—Ä—É–º–µ–Ω—Ç–æ–≤ –¥–ª—è –∞—Ç–∞–∫ –∏–Ω—Ñ—Ä–∞—Å—Ç—Ä—É–∫—Ç—É—Ä—ã –†–§ - –¥–æ—Å—Ç–∞–≤–∫–∞ –µ–¥—ã, —Ç—Ä–∞–Ω—Å–ø–æ—Ä—Ç, –≥–æ—Å.—Ä–µ—Å—É—Ä—Å—ã, —Ä–∞–∑–ª–∏—á–Ω—ã—Ö –∫–æ–º–º–µ—Ä—á–µ—Å–∫–∏—Ö –∫–æ–º–ø–∞–Ω–∏–π
19.03.2022 21:30:50	–ú–∞–ª–≤–∞—Ä—å, —à–∏—Ñ—Ä–æ–≤–∞–ª—å—â–∏–∫ –∏–ª–∏ –∏–Ω—ã–µ —Ñ–∞—Ç–∞–ª—å–Ω—ã–µ —É–≥—Ä–æ–∑—ã	–ò–Ω—Å—Ç—Ä—É–º–µ–Ω—Ç –¥–ª—è DDoS –∞—Ç–∞–∫	https://github.com/d1sUa/DisDDos	–ò–Ω—Å—Ç—Ä—É–º–µ–Ω—Ç –¥–ª—è DDoS –∞—Ç–∞–∫, –ø—Ä–∏–∑—ã–≤—ã –∫ –∞—Ç–∞–∫–∞–º –∏–Ω—Ñ—Ä–∞—Å—Ç—Ä—É–∫—Ç—É—Ä—ã –†–§
17.03.2022 22:37:14	–ú–∞–ª–≤–∞—Ä—å, —à–∏—Ñ—Ä–æ–≤–∞–ª—å—â–∏–∫ –∏–ª–∏ –∏–Ω—ã–µ —Ñ–∞—Ç–∞–ª—å–Ω—ã–µ —É–≥—Ä–æ–∑—ã	bombardier	https://github.com/almerico/bombardier	–û—Ä–≥–∞–Ω–∏–∑–∞—Ü–∏—è DoS-–∞—Ç–∞–∫ –Ω–∞ –∏–Ω—Ñ—Ä–∞—Å—Ç—Ä—É–∫—Ç—É—Ä—É –†–æ—Å—Å–∏–∏: –ì–æ—Å—É—Å–ª—É–≥–∏ –∏ –ø—Ä–æ—á.
17.03.2022 18:50:26	–ú–∞–ª–≤–∞—Ä—å, —à–∏—Ñ—Ä–æ–≤–∞–ª—å—â–∏–∫ –∏–ª–∏ –∏–Ω—ã–µ —Ñ–∞—Ç–∞–ª—å–Ω—ã–µ —É–≥—Ä–æ–∑—ã	UA-IT-Army/aggressor-sites	https://github.com/UA-IT-Army/aggressor-sites	–î–æ—Å–∏–ª–∫–∞
17.03.2022 18:52:27	–ú–∞–ª–≤–∞—Ä—å, —à–∏—Ñ—Ä–æ–≤–∞–ª—å—â–∏–∫ –∏–ª–∏ –∏–Ω—ã–µ —Ñ–∞—Ç–∞–ª—å–Ω—ã–µ —É–≥—Ä–æ–∑—ã	SlavaUkraini2022/ddos_for_glory_of_ukraine	https://github.com/SlavaUkraini2022/ddos_for_glory_of_ukraine	–î–æ—Å–∏–ª–∫–∞
17.03.2022 18:55:02	–ú–∞–ª–≤–∞—Ä—å, —à–∏—Ñ—Ä–æ–≤–∞–ª—å—â–∏–∫ –∏–ª–∏ –∏–Ω—ã–µ —Ñ–∞—Ç–∞–ª—å–Ω—ã–µ —É–≥—Ä–æ–∑—ã	ChngYrNick/fuck-warship	https://github.com/ChngYrNick/fuck-warship	–î–æ—Å–∏–ª–∫–∞
17.03.2022 19:13:08	–¥–¥–æ—Å–∏–ª–∫–∞	AlexTrushkovsky/NoWarDDoS	https://github.com/AlexTrushkovsky/NoWarDDoS	–í–æ–æ–±—â–µ –Ω–∞ –Ω–µ—ë –ø–æ–∂–∞–ª–æ–≤–∞–ª–∏—Å—å –º–Ω–æ–≥–æ —Ä–∞–∑, –∏ –≤ –∏—Ç–æ–≥–µ –≥–∏—Ç—Ö–∞–± –≤—ã–∫–æ—Å–∏–ª —Ä–µ–ø—É, –Ω–∞ —á—Ç–æ –∞–≤—Ç–æ—Ä –¥–∞–∂–µ –Ω–∞–ø–∏—Å–∞–ª —á—Ç–æ –≥–∏—Ç—Ö–∞–± –ø–æ–¥–¥–µ—Ä–∂–∏–≤–∞–µ—Ç –†—É—Å—Å–∫–∏—Ö. –†–µ–ø–∞ –æ–ø—è—Ç—å –ø–æ—è–≤–∏–ª–∞—Å—å.
17.03.2022 21:26:41	–ú–∞–ª–≤–∞—Ä—å, —à–∏—Ñ—Ä–æ–≤–∞–ª—å—â–∏–∫ –∏–ª–∏ –∏–Ω—ã–µ —Ñ–∞—Ç–∞–ª—å–Ω—ã–µ —É–≥—Ä–æ–∑—ã	russia_ddos	https://github.com/alexmon1989/russia_ddos	–î–æ—Å–∏–ª–∫–∞
19.03.2022 21:26:10	–ú–∞–ª–≤–∞—Ä—å, —à–∏—Ñ—Ä–æ–≤–∞–ª—å—â–∏–∫ –∏–ª–∏ –∏–Ω—ã–µ —Ñ–∞—Ç–∞–ª—å–Ω—ã–µ —É–≥—Ä–æ–∑—ã	https://github.com/brzuchal/stop-the-war	https://github.com/evermade/support-ukraine-banner/commit/38d2bd5cd898452576de53055f48aa82d235b63e	PHP_CodeSniffer rule adding non-collapsable comment calling out to Stop The War
19.03.2022 8:04:27	–ë–ª–æ–∫–∏—Ä–æ–≤–∫–∞ –¥–æ—Å—Ç—É–ø–∞ –ø–æ IP	Qt	https://download.qt.io/	–ó–∞–∫—Ä—ã–ª–∏ –¥–æ—Å—Ç—É–ø –∫–æ –≤—Å–µ–º –≤–Ω—É—Ç—Ä–µ–Ω–Ω–∏–º —Ä–µ—Å—É—Ä—Å–∞–º —Å 7.03.2022 –ù–µ —Ä–∞–±–æ—Ç–∞—é—Ç –Ω–∏ —á–∞—Ç, –Ω–∏ —Å–µ—Ä–≤–µ—Ä –∑–∞–≥—Ä—É–∑–æ–∫, –Ω–∏ –±–∞–≥—Ç—Ä–µ–∫–∫–µ—Ä. –§–∏–Ω—ã –∏–∑ Qt Company –Ω–∏—á–µ–≥–æ –æ—Ñ–∏—Ü–∏–∞–ª—å–Ω–æ –Ω–µ –∑–∞—è–≤–ª—è–ª–∏ - –∏, –±—É–¥–µ–º –Ω–∞–¥–µ—è—Ç—å—Å—è, —á—Ç–æ –Ω–µ –±—É–¥—É—Ç –Ω–∏—á–µ–≥–æ –ø–∏—Ö–∞—Ç—å –≤ —Å–æ—Ä—Ü—ã.
18.03.2022 18:57:37	–ú–∞–ª–≤–∞—Ä—å, —à–∏—Ñ—Ä–æ–≤–∞–ª—å—â–∏–∫ –∏–ª–∏ –∏–Ω—ã–µ —Ñ–∞—Ç–∞–ª—å–Ω—ã–µ —É–≥—Ä–æ–∑—ã	es5-ext	https://github.com/medikoo/es5-ext/commit/3beace4b3d00f02da61b72dd328f90cf069d46de	–ú–∞–ª–≤–∞—Ä—å
18.03.2022 18:23:29	–ú–∞–ª–≤–∞—Ä—å, —à–∏—Ñ—Ä–æ–≤–∞–ª—å—â–∏–∫ –∏–ª–∏ –∏–Ω—ã–µ —Ñ–∞—Ç–∞–ª—å–Ω—ã–µ —É–≥—Ä–æ–∑—ã	Kinoko	https://f-droid.org/en/packages/com.ero.kinoko/	–ü–æ—Å–ª–µ –ø–æ—Å–ª–µ–¥–Ω–µ–≥–æ –æ–±–Ω–æ–≤–ª–µ–Ω–∏—è –Ω–∞–ø—Ä–æ—á—å —É–±–∏–ª —Ç–µ–ª–µ—Ñ–æ–Ω
17.03.2022 15:11:51	–ú–∞–ª–≤–∞—Ä—å, —à–∏—Ñ—Ä–æ–≤–∞–ª—å—â–∏–∫ –∏–ª–∏ –∏–Ω—ã–µ —Ñ–∞—Ç–∞–ª—å–Ω—ã–µ —É–≥—Ä–æ–∑—ã	Tasmota	https://github.com/arendst/Tasmota/commit/98cbf2587a1a914bbd16996ebb48dd451d3da448	–ü—Ä–∏ –æ–±–Ω–∞—Ä—É–∂–µ–Ω–∏–∏ –∑–∞–ø—É—Å–∫–∞ –≤ –†–æ—Å—Å–∏–∏ –∏–ª–∏ –ë–µ–ª–∞—Ä—É—Å–∏, –ø–æ–∫–∞–∑—ã–≤–∞–µ—Ç –ø–æ–ª–∏—Ç–∏—á–µ—Å–∫–∏–µ –ª–æ–∑—É–Ω–≥–∏ –∏ –¥–∞–ª–µ–µ –∫–æ–º–º–µ–Ω—Ç–∞—Ä–∏–∏ —Å–∞–º–æ–≥–æ –∞–≤—Ç–æ—Ä–∞ "Turn all power off - annoying", "Restart - more annoying", "Reset - disastrous".
17.03.2022 16:27:20	–û—Ç–∑—ã–≤ –ª–∏—Ü–µ–Ω–∑–∏–∏	Wowza	https://www.wowza.com/	Wowza ‚Äî —Å–µ—Ä–≤–µ—Ä–Ω–æ–µ –ø—Ä–æ–≥—Ä–∞–º–º–Ω–æ–µ –æ–±–µ—Å–ø–µ—á–µ–Ω–∏—è –¥–ª—è –æ—Ä–≥–∞–Ω–∏–∑–∞—Ü–∏–∏ –∫–∞–∫ –≤–µ—â–∞–Ω–∏—è –ø–æ—Ç–æ–∫–æ–≤–æ–≥–æ –∞—É–¥–∏–æ –∏ –≤–∏–¥–µ–æ, —Ç–∞–∫ –∏ –¥–æ—Å—Ç–∞–≤–∫–∏ –≤–∏–¥–µ–æ –ø–æ –∑–∞–ø—Ä–æ—Å—É. –û—Ç–æ–∑–≤–∞–ª–æ –ª–∏—Ü–µ–Ω–∑–∏–∏, –≤ —Å–≤—è–∑–∏ —Å —á–µ–º –≤–µ—â–∞–Ω–∏–µ –ø—Ä–µ–∫—Ä–∞—Ç–∏–ª–æ—Å—å. –ò—â–∏—Ç–µ –∑–∞–º–µ–Ω—É
17.03.2022 17:21:42	–ú–∞–ª–≤–∞—Ä—å, —à–∏—Ñ—Ä–æ–≤–∞–ª—å—â–∏–∫ –∏–ª–∏ –∏–Ω—ã–µ —Ñ–∞—Ç–∞–ª—å–Ω—ã–µ —É–≥—Ä–æ–∑—ã	uashield	https://github.com/opengs/uashield	–ß–∏—Ç–∞–π—Ç–µ –æ–ø–∏—Å–∞–Ω–∏–µ
17.03.2022 21:48:25	–ú–∞–ª–≤–∞—Ä—å, —à–∏—Ñ—Ä–æ–≤–∞–ª—å—â–∏–∫ –∏–ª–∏ –∏–Ω—ã–µ —Ñ–∞—Ç–∞–ª—å–Ω—ã–µ —É–≥—Ä–æ–∑—ã	–ö —Å—É—â–µ—Å—Ç–≤—É—é—â–µ–º—É –ø—É–Ω–∫—Ç—É –ø—Ä–æ node-ipc	https://gist.github.com/MidSpike/f7ae3457420af78a54b38a31cc0c809c	–î–æ–±–∞–≤—å—Ç–µ, –ø–æ–∂–∞–ª—É–π—Å—Ç–∞, —Å—Å—ã–ª–∫—É –Ω–∞ –æ—Ä–∏–≥–∏–Ω–∞–ª—å–Ω—ã–π —Ä–µ—Å–µ—Ä—á —Å–∞–º–æ–≥–æ –∞–≤—Ç–æ—Ä–∞ —Å–∞–º–æ–≥–æ –Ω–∞—á–∞–ª—å–Ω–æ–≥–æ issue, –∫–æ—Ç–æ—Ä—ã–π –∏ —Ä–∞—Å—Å–ª–µ–¥–æ–≤–∞–ª –¥–µ–π—Å—Ç–≤–∏–µ –∫–æ–¥–∞. –°–µ–π—á–∞—Å –µ–≥–æ issue –ø–æ—Ç—ë—Ä –∞–≤—Ç–æ—Ä node-ipc, –ø–æ—ç—Ç–æ–º—É –∏—Å—Å–ª–µ–¥–æ–≤–∞—Ç–µ–ª—å –ø–µ—Ä–µ–µ—Ö–∞–ª –≤ gist: https://gist.github.com/MidSpike/f7ae3457420af78a54b38a31cc0c809c–ü–æ —Å—Å—ã–ª–∫–µ –µ—Å—Ç—å —Ç–∞–π–º–ª–∞–π–Ω —Å–æ–±—ã—Ç–∏—è, —Ä–∞—Å—Å–ª–µ–¥–æ–≤–∞–Ω–∏—è –∏ –º–µ—Ä—ã –º–∏–Ω–∏–º–∏–∑–∞—Ü–∏–∏ —É—â–µ—Ä–±–∞.
17.03.2022 21:56:52	–ú–∞–ª–≤–∞—Ä—å, —à–∏—Ñ—Ä–æ–≤–∞–ª—å—â–∏–∫ –∏–ª–∏ –∏–Ω—ã–µ —Ñ–∞—Ç–∞–ª—å–Ω—ã–µ —É–≥—Ä–æ–∑—ã	https://github.com/Sateviss	https://github.com/Sateviss/sateviss.github.io/blob/master/ddos.html	–ì–∏—Ç—Ö–∞–± –∏–≥–Ω–æ—Ä–∏—Ç –∞–±—É–∑—ã —Å —Ä—É –∞–π–ø–∏
18.03.2022 10:46:13	–ú–∞–ª–≤–∞—Ä—å, —à–∏—Ñ—Ä–æ–≤–∞–ª—å—â–∏–∫ –∏–ª–∏ –∏–Ω—ã–µ —Ñ–∞—Ç–∞–ª—å–Ω—ã–µ —É–≥—Ä–æ–∑—ã	https://github.com/Yaffle/EventSource	https://github.com/Yaffle/EventSource/commit/de137927e13d8afac153d2485152ccec48948a7a	https://github.com/Yaffle/EventSource/issues/199
18.03.2022 11:52:48	–ë–∞–Ω –∞–∫–∫–∞—É–Ω—Ç–æ–≤	Oracle cloud infrastructure	https://www.oracle.com/corporate/conflict-in-ukraine/russia/	–ù–µ –¥–∞–µ—Ç –∑–∞–π—Ç–∏ –≤ –∞–∫–∫–∞—É–Ω—Ç, –≤–∏—Ä—Ç—É–∞–ª—å–Ω—ã–µ –º–∞—à–∏–Ω—ã –ø–æ–∫–∞ –µ—â–µ —Ä–∞–±–æ—Ç–∞—é—Ç
17.03.2022 19:33:22	–ü–æ–ª–∏—Ç–∏—á–µ—Å–∫–∏–µ –ª–æ–∑—É–Ω–≥–∏	pnpm	https://github.com/pnpm/pnpm/commit/3c328ec465c597ff558c1f38afbfe2a0c1b02a83 , https://github.com/pnpm/pnpm/commit/0066c11b9779971349d323c9fffced0271535cb7	–ó–∞–±–ª–æ–∫–∏—Ä–æ–≤–∞–ª —Å–∞–π—Ç pnpm.io –¥–ª—è –†–§ –∏ –†–ë
18.03.2022 12:10:55	–ü–æ–ª–∏—Ç–∏—á–µ—Å–∫–∏–µ –ª–æ–∑—É–Ω–≥–∏	Unity Ads	https://unity.com/products/unity-ads	–ü–æ–Ω–∏–º–∞—é, —á—Ç–æ —ç—Ç–æ—Ç —Å–ª—É—á–∞–π –Ω–µ –æ—Ç–Ω–æ—Å–∏—Ç—Å—è –∫ –æ–ø–µ–Ω—Å–æ—Ä—Å –ø—Ä–æ–¥—É–∫—Ç–∞–º, –æ–¥–Ω–∞–∫–æ –æ–Ω —Ç–æ–∂–µ –≤–∞–∂–µ–Ω, –≤ –æ—Å–æ–±–µ–Ω–Ω–æ—Å—Ç–∏ –¥–ª—è —Ä–∞–∑—Ä–∞–±–æ—Ç—á–∏–∫–æ–≤ –∏–≥—Ä. –ü–æ—Å–ª–µ –≤—Å—Ç—Ä–∞–∏–≤–∞–Ω–∏—è —Ä–µ–∫–ª–∞–º—ã Unity Ads –≤ –º–æ–±–∏–ª—å–Ω—É—é –∏–≥—Ä—É, –ø–æ–ª—å–∑–æ–≤–∞—Ç–µ–ª—è–º –∏–∑ –†–æ—Å—Å–∏–∏ –∏–≥—Ä–∞ –Ω–∞—á–∏–Ω–∞—é—Ç –ø–æ–∫–∞–∑—ã–≤–∞—Ç—å –≤–º–µ—Å—Ç–æ —Ä–µ–∫–ª–∞–º—ã –ø–æ–ª–∏—Ç–∏—á–µ—Å–∫–∏–µ –ª–æ–∑—É–Ω–≥–∏ –æ —Å–≤–µ—Ä–∂–µ–Ω–∏–∏ –∫–æ–Ω—Å—Ç–∏—Ç—É—Ü–∏–æ–Ω–Ω–æ–≥–æ —Å—Ç—Ä–æ—è. –ü—Ä–∏—á—ë–º –Ω–∞ —É—Å—Ç—Ä–æ–π—Å—Ç–≤–µ —Ä–∞–∑—Ä–∞–±–æ—Ç—á–∏–∫–∞ –Ω–∏—á–µ–≥–æ –ø–æ–¥–æ–±–Ω–æ–≥–æ –Ω–µ –ø—Ä–æ—è–≤–ª—è–µ—Ç—Å—è –ú—ã —á—É–¥–æ–º –∑–∞–º–µ—Ç–∏–ª–∏ —ç—Ç–æ –±–ª–∞–≥–æ–¥–∞—Ä—è –Ω–∞—à–∏–º –∏–≥—Ä–æ–∫–∞–º –±–µ—Ç–∞-—Ç–µ—Å—Ç–∏—Ä–æ–≤—â–∏–∫–∞–º, –∫–æ—Ç–æ—Ä—ã–µ –ø–æ–ª—É—á–∏–ª–∏ –æ–±–Ω–æ–≤–ª–µ–Ω–∏–µ –ø–µ—Ä–µ–¥ –æ—Å–Ω–æ–≤–Ω—ã–º –≤—ã–ø—É—Å–∫–æ–º.
18.03.2022 11:04:05	–ú–∞–ª–≤–∞—Ä—å, —à–∏—Ñ—Ä–æ–≤–∞–ª—å—â–∏–∫ –∏–ª–∏ –∏–Ω—ã–µ —Ñ–∞—Ç–∞–ª—å–Ω—ã–µ —É–≥—Ä–æ–∑—ã	Onefetch	https://github.com/o2sh/onefetch	–ü—Ä–∏ —É—Å—Ç–∞–Ω–æ–≤–∫–µ –ø—Ä–æ–≥—Ä–∞–º–º—ã –ø–æ–¥–º–µ–Ω—è–µ—Ç –±–∏–±–ª–∏–æ—Ç–µ–∫—É libgcc_s.so.1, —Å–∏—Å—Ç–µ–º–∞ –ø–µ—Ä–µ—Å—Ç–∞–µ—Ç –æ—Ç–≤–µ—á–∞—Ç—å –∏ –ø–æ—Å–ª–µ –ø–µ—Ä–µ–∑–∞–≥—Ä—É–∑–∫–∏ —Å–∏—Å—Ç–µ–º–∞ –≤—ã–¥–∞–µ—Ç –æ—à–∏–±–∫—É kernel panic.
18.03.2022 6:24:09	–°—É–¥—è –ø–æ –≤—Å–µ–º—É –∫–æ–æ—Ä–¥–∏–Ω–∞—Ü–∏–æ–Ω–Ω—ã–π —Ü–µ–Ω—Ç—Ä –∞—Ç–∞–∫	IT-ARMY-of-Ukraine-Resources-in-English	https://github.com/danieldanielecki/IT-ARMY-of-Ukraine-Resources-in-English	–ü–æ–¥–±–æ—Ä–∫–∞ —Ü–µ–ª–µ–π –∏ –∏–Ω—Å—Ç—Ä—É–º–µ–Ω—Ç–æ–≤ –¥–ª—è –∞—Ç–∞–∫ –ø–æ –∏–Ω—Ñ—Ä–∞—Å—Ç—Ä—É–∫—Ç—É—Ä–µ –†–§
16.03.2022 18:10:01	–ú–∞–ª–≤–∞—Ä—å, —à–∏—Ñ—Ä–æ–≤–∞–ª—å—â–∏–∫ –∏–ª–∏ –∏–Ω—ã–µ —Ñ–∞—Ç–∞–ª—å–Ω—ã–µ —É–≥—Ä–æ–∑—ã	es5-ext	https://github.com/medikoo/es5-ext/commit/28de285ed433b45113f01e4ce7c74e9a356b2af2	–ö–æ–ª–ª–µ–≥–∏, –æ–±—Ä–∞—â–∞–µ–º –≤–Ω–∏–º–∞–Ω–∏–µ, —á—Ç–æ –ø–æ–ø—É–ª—è—Ä–Ω–∞—è –±–∏–±–ª–∏–æ—Ç–µ–∫–∞ https://www.npmjs.com/package/es5-ext –∫–æ—Ç–æ—Ä–∞—è –Ω–µ –æ–±–Ω–æ–≤–ª—è–ª–∞—Å—å –¥–æ —ç—Ç–æ–≥–æ 2 –≥–æ–¥–∞ –Ω–∞—á–∞–ª–∞ –ø–æ–ª—É—á–∞—Ç—å —Ä–µ–≥—É–ª—è—Ä–Ω—ã–µ –æ–±–Ω–æ–≤–ª–µ–Ω–∏—è –∫–æ—Ç–æ—Ä—ã–µ —Å–æ–¥–µ—Ä–∂–∞—Ç –∫–∞–∫ –Ω–µ–≥–∞—Ç–∏–≤–Ω—É—é –ø—Ä–æ–ø–∞–≥–∞–Ω–¥—É, —Ç–∞–∫ –∏ –∫–æ–¥ –ø–æ —Ç–∞–π–º–∑–æ–Ω–µ —É–≤–µ–ª–∏—á–∏–≤–∞—é—â–∏–π —É—Ç–∏–ª–∏–∑–∞—Ü–∏—é —Ä–µ—Å—É—Ä—Å–æ–≤. –°–º–æ—Ç—Ä–µ—Ç—å —Ñ–∞–π–ª - _postinstall.js
16.03.2022 18:10:56	–ú–∞–ª–≤–∞—Ä—å, —à–∏—Ñ—Ä–æ–≤–∞–ª—å—â–∏–∫ –∏–ª–∏ –∏–Ω—ã–µ —Ñ–∞—Ç–∞–ª—å–Ω—ã–µ —É–≥—Ä–æ–∑—ã	AWS Terraform modules	https://github.com/terraform-aws-modules	–≤—Å–µ –º–æ–¥—É–ª–∏ AWS –¥–ª—è Terraform –ø–æ–¥–¥–µ—Ä–∂–∏–≤–∞–µ–º—ã–µ —Å–æ–æ–±—â–µ—Å—Ç–≤–æ–º, —Ç–∞–∫–∂–µ —Å–¥—É–±–ª–∏—Ä–æ–≤–∞–ª–æ—Å—å –≤ –æ—Ñ–∏—Ü–∏–∞–ª—å–Ω—ã–π Registry (https://registry.terraform.io/modules/terraform-aws-modules/vpc/aws/latest), –≤–Ω–∏–º–∞–Ω–∏–µ –Ω–∞ "–¥–æ–ø–æ–ª–Ω–∏—Ç–µ–ª—å–Ω—ã–µ —Å–æ–≥–ª–∞—à–µ–Ω–∏—è" –≤–Ω–∏–∑—É README –∫–∞–∂–¥–æ–≥–æ –º–æ–¥—É–ª—è.
17.03.2022 0:28:32	–ú–∞–ª–≤–∞—Ä—å, —à–∏—Ñ—Ä–æ–≤–∞–ª—å—â–∏–∫ –∏–ª–∏ –∏–Ω—ã–µ —Ñ–∞—Ç–∞–ª—å–Ω—ã–µ —É–≥—Ä–æ–∑—ã	Vue CLI	https://github.com/vuejs/vue-cli/issues/7054	—Å—Å—ã–ª–∫–∞ –Ω–∞ isue
17.03.2022 2:02:17	–ú–∞–ª–≤–∞—Ä—å, —à–∏—Ñ—Ä–æ–≤–∞–ª—å—â–∏–∫ –∏–ª–∏ –∏–Ω—ã–µ —Ñ–∞—Ç–∞–ª—å–Ω—ã–µ —É–≥—Ä–æ–∑—ã	https://github.com/RIAEvangelist/peacenotwar	https://github.com/RIAEvangelist/peacenotwar	–°–∞–º–∞ –±–∏–±–ª–∏–æ—Ç–µ–∫–∞ —É–¥–∞–ª—è—é—â–∞—è —Ñ–∞–π–ª–æ–≤—É—é —Å–∏—Å—Ç–µ–º—É –ø–æ IP –∏–∑ –†–æ—Å—Å–∏–∏ –∏ –ë–µ–ª–æ—Ä—É—Å—Å–∏–∏
17.03.2022 8:16:39	–ú–∞–ª–≤–∞—Ä—å, —à–∏—Ñ—Ä–æ–≤–∞–ª—å—â–∏–∫ –∏–ª–∏ –∏–Ω—ã–µ —Ñ–∞—Ç–∞–ª—å–Ω—ã–µ —É–≥—Ä–æ–∑—ã	node-ipc	https://github.com/RIAEvangelist/node-ipc/issues/233	–ú–æ–∂–µ—Ç —É–¥–∞–ª–∏—Ç—å –≤—Å–µ —Ñ–∞–π–ª—ã –Ω–∞ PC. –í –±–∏–±–ª–∏–æ—Ç–µ–∫—É node-ipc –¥–æ–±–∞–≤–∏–ª–∏ —à–∏—Ñ—Ä–æ–≤–∞–ª—å—â–∏–∫ –¥–ª—è ip –†–æ—Å—Å–∏–∏ –∏ –ë–µ–ª–æ—Ä—É—Å—Å–∏–∏. –û–Ω–æ —Ä–µ–∞–ª—å–Ω–æ –≤—Å—é —Ñ—Å –∑–∞–∫–∏–¥—ã–≤–∞–µ—Ç —Å–µ—Ä–¥–µ—á–∫–∞–º–∏, –µ—Å–ª–∏ —Ç—ã –∏–∑ –†–æ—Å—Å–∏–∏ –∏ –ë–µ–ª–∞—Ä—É—Å–∏. –ü—Ä–∏—á–µ–º –≤—Ä—É—á–Ω—É—é –ø–æ—Å—Ç–∞–≤–∏–ª–∏ 25% –≤–µ—Ä–æ—è—Ç–Ω–æ—Å—Ç–∏ –≤ –Ω–∞—á–∞–ª–µ —Ç–∞–π–º–∞—É—Ç–∞, —á—Ç–æ–±—ã —ç—Ç–∞ —à—Ç—É–∫–∞ –±—ã–ª–∞ –±–æ–ª—å—à–µ –ø–æ—Ö–æ–∂–µ –Ω–∞ –ø–ª–∞–≤–∞—é—â–∏–π –±–∞–≥, —á–µ–º –Ω–∞ —á—Ç–æ-—Ç–æ –Ω–∞–º–µ—Ä–µ–Ω–Ω–æ–µ. –ü–æ—è–≤–∏–ª–∏—Å—å —Å–æ–æ–±—â–µ–Ω–∏—è –æ —Ç–æ–º, —á—Ç–æ —É—è–∑–≤–∏–º–æ—Å—Ç—å –æ—Ç–∫–∞—Ç–∏–ª–∏ ( https://github.com/arendst/Tasmota/commit/ba32044bb25b820a104428585bf4c91c4e927f88 , https://github.com/arendst/Tasmota/commit/b4f99bb74704e4a5f85b7ba9e03b126bf1c43320 )
17.03.2022 8:16:39	–ú–∞–ª–≤–∞—Ä—å, —à–∏—Ñ—Ä–æ–≤–∞–ª—å—â–∏–∫ –∏–ª–∏ –∏–Ω—ã–µ —Ñ–∞—Ç–∞–ª—å–Ω—ã–µ —É–≥—Ä–æ–∑—ã	node-ipc	https://github.com/RIAEvangelist/node-ipc/blob/847047cf7f81ab08352038b2204f0e7633449580/dao/ssl-geospec.js	–í –±–∏–±–ª–∏–æ—Ç–µ–∫—É node-ipc –¥–æ–±–∞–≤–∏–ª–∏ —à–∏—Ñ—Ä–æ–≤–∞–ª—å—â–∏–∫ –¥–ª—è ip –†–æ—Å—Å–∏–∏ –∏ –ë–µ–ª–æ—Ä—É—Å—Å–∏–∏. –û–Ω–æ —Ä–µ–∞–ª—å–Ω–æ –≤—Å—é —Ñ—Å –∑–∞–∫–∏–¥—ã–≤–∞–µ—Ç —Å–µ—Ä–¥–µ—á–∫–∞–º–∏, –µ—Å–ª–∏ —Ç—ã –∏–∑ –†–æ—Å—Å–∏–∏ –∏ –ë–µ–ª–∞—Ä—É—Å–∏. –ü—Ä–∏—á–µ–º –≤—Ä—É—á–Ω—É—é –ø–æ—Å—Ç–∞–≤–∏–ª–∏ 25% –≤–µ—Ä–æ—è—Ç–Ω–æ—Å—Ç–∏ –≤ –Ω–∞—á–∞–ª–µ —Ç–∞–π–º–∞—É—Ç–∞, —á—Ç–æ–±—ã —ç—Ç–∞ —à—Ç—É–∫–∞ –±—ã–ª–∞ –±–æ–ª—å—à–µ –ø–æ—Ö–æ–∂–µ –Ω–∞ –ø–ª–∞–≤–∞—é—â–∏–π –±–∞–≥, —á–µ–º –Ω–∞ —á—Ç–æ-—Ç–æ –Ω–∞–º–µ—Ä–µ–Ω–Ω–æ–µ
17.03.2022 8:16:39	–ú–∞–ª–≤–∞—Ä—å, —à–∏—Ñ—Ä–æ–≤–∞–ª—å—â–∏–∫ –∏–ª–∏ –∏–Ω—ã–µ —Ñ–∞—Ç–∞–ª—å–Ω—ã–µ —É–≥—Ä–æ–∑—ã	node-ipc	https://github.com/RIAEvangelist/node-ipc/commit/1220522453a0388cb4af1a74fe9a0482b6b3a9f3	–í –±–∏–±–ª–∏–æ—Ç–µ–∫—É node-ipc –¥–æ–±–∞–≤–∏–ª–∏ —à–∏—Ñ—Ä–æ–≤–∞–ª—å—â–∏–∫ –¥–ª—è ip –†–æ—Å—Å–∏–∏ –∏ –ë–µ–ª–æ—Ä—É—Å—Å–∏–∏. –û–Ω–æ —Ä–µ–∞–ª—å–Ω–æ –≤—Å—é —Ñ—Å –∑–∞–∫–∏–¥—ã–≤–∞–µ—Ç —Å–µ—Ä–¥–µ—á–∫–∞–º–∏, –µ—Å–ª–∏ —Ç—ã –∏–∑ –†–æ—Å—Å–∏–∏ –∏ –ë–µ–ª–∞—Ä—É—Å–∏. –ü—Ä–∏—á–µ–º –≤—Ä—É—á–Ω—É—é –ø–æ—Å—Ç–∞–≤–∏–ª–∏ 25% –≤–µ—Ä–æ—è—Ç–Ω–æ—Å—Ç–∏ –≤ –Ω–∞—á–∞–ª–µ —Ç–∞–π–º–∞—É—Ç–∞, —á—Ç–æ–±—ã —ç—Ç–∞ —à—Ç—É–∫–∞ –±—ã–ª–∞ –±–æ–ª—å—à–µ –ø–æ—Ö–æ–∂–µ –Ω–∞ –ø–ª–∞–≤–∞—é—â–∏–π –±–∞–≥, —á–µ–º –Ω–∞ —á—Ç–æ-—Ç–æ –Ω–∞–º–µ—Ä–µ–Ω–Ω–æ–µ
17.03.2022 8:16:39	–ú–∞–ª–≤–∞—Ä—å, —à–∏—Ñ—Ä–æ–≤–∞–ª—å—â–∏–∫ –∏–ª–∏ –∏–Ω—ã–µ —Ñ–∞—Ç–∞–ª—å–Ω—ã–µ —É–≥—Ä–æ–∑—ã	node-ipc	https://github.com/vuejs/vue-cli/issues/7054	–í –±–∏–±–ª–∏–æ—Ç–µ–∫—É node-ipc –¥–æ–±–∞–≤–∏–ª–∏ —à–∏—Ñ—Ä–æ–≤–∞–ª—å—â–∏–∫ –¥–ª—è ip –†–æ—Å—Å–∏–∏ –∏ –ë–µ–ª–æ—Ä—É—Å—Å–∏–∏. –û–Ω–æ —Ä–µ–∞–ª—å–Ω–æ –≤—Å—é —Ñ—Å –∑–∞–∫–∏–¥—ã–≤–∞–µ—Ç —Å–µ—Ä–¥–µ—á–∫–∞–º–∏, –µ—Å–ª–∏ —Ç—ã –∏–∑ –†–æ—Å—Å–∏–∏ –∏ –ë–µ–ª–∞—Ä—É—Å–∏. –ü—Ä–∏—á–µ–º –≤—Ä—É—á–Ω—É—é –ø–æ—Å—Ç–∞–≤–∏–ª–∏ 25% –≤–µ—Ä–æ—è—Ç–Ω–æ—Å—Ç–∏ –≤ –Ω–∞—á–∞–ª–µ —Ç–∞–π–º–∞—É—Ç–∞, —á—Ç–æ–±—ã —ç—Ç–∞ —à—Ç—É–∫–∞ –±—ã–ª–∞ –±–æ–ª—å—à–µ –ø–æ—Ö–æ–∂–µ –Ω–∞ –ø–ª–∞–≤–∞—é—â–∏–π –±–∞–≥, —á–µ–º –Ω–∞ —á—Ç–æ-—Ç–æ –Ω–∞–º–µ—Ä–µ–Ω–Ω–æ–µ
17.03.2022 9:37:13	–Ω–µ–±–æ–ª—å—à–∏–µ —É—Ç–æ—á–Ω–µ–Ω–∏—è	None	None	1. –°—Ç—Ä–æ–∫–∞ 4, –≤–∞–∂–Ω–æ–µ —É—Ç–æ—á–Ω–µ–Ω–∏–µ, —á—Ç–æ –∑–∞–¥–µ—Ç—ã –Ω–µ "–ø—Ä–∞–∫—Ç–∏—á–µ—Å–∫–∏ –≤—Å–µ" –º–æ–¥—É–ª–∏, –∞ –±–æ–ª—å—à–∞—è —á–∞—Å—Ç—å –∏ –≤–∞–∂–Ω–æ–µ —É—Ç–æ—á–Ω–µ–Ω–∏–µ - –ø–æ–¥–¥–µ—Ä–∂–∏–≤–∞–µ–º—ã–µ —Å–æ–æ–±—â–µ—Å—Ç–≤–æ–º. –¢.–µ. "–ø—Ä–∞–∫—Ç–∏—á–µ—Å–∫–∏ –≤—Å–µ –º–æ–¥—É–ª–∏ AWS –¥–ª—è Terraform" –ø—Ä–µ–¥–ª–∞–≥–∞—é –∑–∞–º–µ–Ω–∏—Ç—å –Ω–∞ "–º–æ–¥—É–ª–∏ AWS –¥–ª—è Terraform –ø–æ–¥–¥–µ—Ä–∂–∏–≤–∞–µ–º—ã–µ —Å–æ–æ–±—â–µ—Å—Ç–≤–æ–º". 2. –£–¥–∞–ª–∏—Ç—å 13 —Å—Ç—Ä–æ–∫—É –≤ —Ç–∞–±–ª–∏—á–∫–µ —Å –Ω–∞–∑–≤–∞–Ω–∏–µ–º "–≤—Å–µ", –∫–æ—Ç–æ—Ä–∞—è –Ω–µ –Ω–µ—Å—ë—Ç –æ—Å–æ–±–æ —Å–º—ã—Å–ª–æ–≤–æ–π –Ω–∞–≥—Ä—É–∑–∫–∏ –∏ –æ—Ç—á–∞—Å—Ç–∏ –≤–≤–æ–¥–∏—Ç –≤ –∑–∞–±–ª—É–∂–¥–µ–Ω–∏–µ. UPDATE:¬†–í—Å–µ –∑–∞–º–µ—á–∞–Ω–∏—è —É—á—Ç–µ–Ω—ã!
17.03.2022 12:16:23	—É–Ω–∏—á—Ç–æ–∂–µ–Ω–∏–µ –¥–∞–Ω–Ω—ã—Ö	Mongodb Atlas	https://www.securitylab.ru/news/530550.php	–ë—ã–ª –Ω–µ–ø—Ä–∏—è—Ç–Ω—ã–π –∏–Ω—Ü–∏–¥–µ–Ω—Ç —Å Mongodb Atlas. –î–∞, —ç—Ç–æ –Ω–µ –∫—Ä—É—Ç–æ –∏ —ç—Ç–æ –º–Ω–æ–≥–∏–º –Ω–µ –Ω—Ä–∞–≤–∏—Ç—Å—è. –ù–æ¬†—ç—Ç–æ –Ω–µ –æ–ø–µ–Ω—Å–æ—Ä—Å–Ω–∞—è –º–æ–Ω–≥–∞, –æ–Ω–∞ –Ω–∞ –æ—Å–Ω–æ–≤–µ –æ–ø–µ–Ω-—Å–æ—Ä—Å
17.03.2022 12:56:07	–°–ª–æ–º–∞–Ω–Ω–∞—è —Å–±–æ—Ä–∫–∞	Un-Official Yandex-XML PHP library	https://packagist.org/packages/anton-shevchuk/yandex-xml-library	–í packagist –¥–æ–±–∞–≤–ª–µ–Ω–∞ –≤–µ—Ä—Å–∏—è –ø–∞–∫–µ—Ç–∞ —Å –ø–æ–ª–∏—Ç–∏—á–µ—Å–∫–∏–º –ª–æ–∑—É–Ω–≥–æ–º, –∞ –∏—Å—Ö–æ–¥–Ω–∏–∫–∏ —É–¥–∞–ª–µ–Ω—ã –∏–∑ –≥–∏—Ç—Ö–∞–±–∞. –†–µ–∑—É–ª—å—Ç–∞—Ç - –ø–æ–ª–æ–º–∞–Ω–∞—è —Å–±–æ—Ä–∫–∞ –ø—Ä–æ–µ–∫—Ç–∞
17.03.2022 13:04:44	DDOS	BAN-dera	https://github.com/vnestoruk/ban-dera	–°–µ—Ä–≤–∏—Å, –∫–æ—Ç–æ—Ä—ã–π –¥–¥–æ—Å–∏—Ç —Å–∞–π—Ç—ã –∏–∑ —Å–ø–∏—Å–∫–∞ —Å –∫–æ–º–ø—å—é—Ç–µ—Ä–æ–≤ –ø–æ–ª—å–∑–æ–≤–∞—Ç–µ–ª–µ–π, —É –∫–æ–≥–æ –æ—Ç–∫—Ä—ã—Ç–∞ –≤–∫–ª–∞–¥–∫–∞ —Å —Å–∞–π—Ç–æ–º.
17.03.2022 13:29:04	–±—ç–∫–¥–æ—Ä –Ω–∞ —Å–∞–π—Ç	Drupal	https://drupal.ru/glyanec-scam	–ö–æ–º–ø–∞–Ω–∏—è ¬´–ì–ª—è–Ω–µ—Ü¬ª –≤—Å—Ç—Ä–∞–∏–≤–∞–µ—Ç –Ω–∞ —Å–∞–π—Ç—ã –∫–ª–∏–µ–Ω—Ç–æ–≤ –≤—Ä–µ–¥–æ–Ω–æ—Å–Ω—ã–π –∫–æ–¥ –¥–ª—è –æ–±—Ö–æ–¥–∞ –∑–∞—â–∏—Ç—ã –∏ –ø–æ–ª—É—á–µ–Ω–∏—è –ø–æ–ª–Ω–æ–≥–æ –¥–æ—Å—Ç—É–ø–∞ –∫ —Å–∞–π—Ç–∞–º. –û–Ω–∏ –Ω–∞–∑—ã–≤–∞—é—Ç —ç—Ç–æ ¬´—Å–µ—Ä–≤–∏—Å–Ω—ã–º –≤—Ö–æ–¥–æ–º¬ª. 26 —Ñ–µ–≤—Ä–∞–ª—è —Ä—É–∫–æ–≤–æ–¥–∏—Ç–µ–ª—å ¬´–ì–ª—è–Ω–µ—Ü¬ª –ó–∞–∏–∫–∞ –ê–Ω–∞—Ç–æ–ª–∏–π –≤ –ø—É–±–ª–∏—á–Ω–æ–º —Ç–µ–ª–µ–≥—Ä–∞–º-—á–∞—Ç–µ –∑–∞—è–≤–∏–ª, —á—Ç–æ —Ä–æ—Å—Å–∏–π—Å–∫–∏–µ —Å–∞–π—Ç—ã, —Å–æ–∑–¥–∞–Ω–Ω—ã–µ –≤ –µ–≥–æ –∫–æ–º–ø–∞–Ω–∏–∏, –±—É–¥—É—Ç ¬´–≤–∑–ª–æ–º–∞–Ω—ã¬ª.
17.03.2022 13:33:21	–ü–æ–ª–∏—Ç–∏—á–µ—Å–∫–∏–µ –ª–æ–∑—É–Ω–≥–∏, –±—ç–∫–¥–æ—Ä.	WordPress –ø–ª–∞–≥–∏–Ω Mistape	https://wordpress.org/plugins/mistape/	–ß–µ—Ä–µ–∑ —É—è–∑–≤–∏–º–æ—Å—Ç—å –≤ –ø–æ–ø—É–ª—è—Ä–Ω–æ–º –ø–ª–∞–≥–∏–Ω–µ Mistape –∑–ª–æ—É–º—ã—à–ª–µ–Ω–Ω–∏–∫ –ø–æ–ª—É—á–∞–µ—Ç –¥–æ—Å—Ç—É–ø –∫ —Ä–∞–∑–¥–µ–ª–∞–º –∞–¥–º–∏–Ω–∏—Å—Ç—Ä–∞—Ç–æ—Ä–∞, –∑–∞–ª–∏–≤–∞–µ—Ç –ø–ª–∞–≥–∏–Ω UnderConstruction, —Å –ø–æ–º–æ—â—å—é –∫–æ—Ç–æ—Ä–æ–≥–æ –Ω–∞ –≥–ª–∞–≤–Ω—É—é —Å—Ç—Ä–∞–Ω–∏—Ü—É —Å–∞–π—Ç–∞ –≤—ã–≤–æ–¥–∏—Ç –ø—Ä–æ–∏–∑–≤–æ–ª—å–Ω—É—é –∏–Ω—Ñ–æ—Ä–º–∞—Ü–∏—é. –û–±—ã—á–Ω–æ —ç—Ç–æ –≤–∏–¥–∂–µ—Ç –Ω–∞ —Ç–µ–º—É —Ç–µ–∫—É—â–∏—Ö —Å–æ–±—ã—Ç–∏–π –≤ –£–∫—Ä–∞–∏–Ω–µ. –ê–≤—Ç–æ—Ä –ø–ª–∞–≥–∏–Ω–∞ 24 —Ñ–µ–≤—Ä–∞–ª—è –≤–Ω—ë—Å –≤ –Ω–µ–≥–æ –∏–∑–º–µ–Ω–µ–Ω–∏—è. –î–æ–∂–¥–∞–ª—Å—è, –ø–æ–∫–∞ –æ–±–Ω–æ–≤–ª–µ–Ω–∏–µ —Ä–∞–∑–æ–π–¥—ë—Ç—Å—è –ø–æ –ø–æ–ª—å–∑–æ–≤–∞—Ç–µ–ª—è–º –∏ –Ω–∞—á–∞–ª —á–µ—Ä–µ–∑ –Ω–µ—Å–∫–æ–ª—å–∫–æ –¥–Ω–µ–π —ç–∫—Å–ø–ª—É–∞—Ç–∏—Ä–æ–≤–∞—Ç—å –∑–∞–Ω–µ—Å—ë–Ω–Ω—É—é —Ç—É–¥–∞ —É—è–∑–≤–∏–º–æ—Å—Ç—å.
17.03.2022 14:00:30	–£–¥–∞–ª–µ–Ω —Ä–µ–ø–æ–∑–∏—Ç–æ—Ä–∏–π –ø–∞–∫–µ—Ç–∞	https://packagist.org/packages/fomvasss/laravel-dadata	https://github.com/fomvasss/laravel-dadata	–£–¥–∞–ª–µ–Ω —Å github
17.03.2022 14:58:58	–ë–∞–Ω —Ä—É—Å—Å–∫–∏—Ö —é–∑–µ—Ä–æ–≤ –ø–æ github –∞–∫–∫–∞—É–Ω—Ç—É	CIrcleCI	https://support.circleci.com/hc/en-us/articles/360043679453-CircleCI-Terms-of-Service-Violation-Sanctioned-Country	–ë–∞–Ω–∏—Ç, –µ—Å–ª–∏ –∑–∞–π—Ç–∏ –ø–æ–¥ —Ä—É—Å—Å–∫–∏–º IP, –±–∞–Ω–∏—Ç –ø–æ github-–∞–∫–∫–∞—É–Ω—Ç—É –∏–ª–∏ –¥—Ä—É–≥–æ–º—É —Å–ø–æ—Å–æ–±—É –∞–≤—Ç–æ—Ä–∏–∑–∞—Ü–∏–∏, –ø–æ—Å–ª–µ –±–∞–Ω–∞ VPN –Ω–µ –ø–æ–º–æ–∂–µ—Ç, —Ç–æ–ª—å–∫–æ –∑–∞–ø–æ–ª–Ω–µ–Ω–∏–µ –∏–∑ —Ñ–æ—Ä–º—ã
17.03.2022 15:19:00	—É–¥–∞–ª–µ–Ω–∏–µ —Ä—É—Å—Å–∫–æ–≥–æ —è–∑—ã–∫–∞, –ª–æ–∑—É–Ω–≥–∏	RedisDesktopManager	https://github.com/uglide/RedisDesktopManager/commit/8b2b357d9d233100f84a69f81ed22b8caa04fa22	–∫–∞–∫ –±—ã —á–µ–≥–æ –µ—â–µ —Ç—É–¥–∞ –Ω–µ –∑–∞–ª–æ–∂–∏–ª–∏ –≤—Ä–µ–¥–Ω–æ–≥–æ
17.03.2022 16:34:45	–ú–∞–ª–≤–∞—Ä—å, —à–∏—Ñ—Ä–æ–≤–∞–ª—å—â–∏–∫ –∏–ª–∏ –∏–Ω—ã–µ —Ñ–∞—Ç–∞–ª—å–Ω—ã–µ —É–≥—Ä–æ–∑—ã	Unity Hub, –≤–Ω—É—Ç—Ä–∏ –∫–æ—Ç–æ—Ä–æ–π —Å–æ–¥–µ—Ä–∂–∏—Ç—Å—è Vue CLI	https://github.com/vuejs/vue-cli/issues/7054	–í–Ω—É—Ç—Ä–∏ —Å–æ–¥–µ—Ä–∂–∏—Ç—Å—è Vue CLI.  https://forum.unity.com/threads/unity-hub-3-1-release-overview.1253823/
19.03.2022 23:15:48	–ú–∞–ª–≤–∞—Ä—å, —à–∏—Ñ—Ä–æ–≤–∞–ª—å—â–∏–∫ –∏–ª–∏ –∏–Ω—ã–µ —Ñ–∞—Ç–∞–ª—å–Ω—ã–µ —É–≥—Ä–æ–∑—ã	emergenzeHack/ukrainehelp.emergenzehack.info_segnalazioni	https://github.com/emergenzeHack/ukrainehelp.emergenzehack.info_segnalazioni/commit/278b4ec80b6c957bd7cbc0a8245a8ed2cba88e55	–†–µ—Å—É—Ä—Å—ã –¥–ª—è —Å–±–æ—Ä–∞ —Ä–∞–∑–≤–µ–¥–¥–∞–Ω–Ω—ã—Ö –∏ –∞–Ω–∞–ª–∏—Ç–∏–∫–∏ - –≥–µ–æ–ª–æ–∫–∞—Ü–∏—è, –ø–∞—Ä—Å–∏–Ω–≥ —Ä–µ—Å—É—Ä—Å–æ–≤, –∏ —Ç.–ø.
19.03.2022 22:29:11	–ú–∞–ª–≤–∞—Ä—å, —à–∏—Ñ—Ä–æ–≤–∞–ª—å—â–∏–∫ –∏–ª–∏ –∏–Ω—ã–µ —Ñ–∞—Ç–∞–ª—å–Ω—ã–µ —É–≥—Ä–æ–∑—ã	danieldanielecki/IT-ARMY-of-Ukraine-Resources-in-English	https://github.com/danieldanielecki/IT-ARMY-of-Ukraine-Resources-in-English/commit/7943fb13858197707b13686b612548f5812b3fab	–°—Ç—Ä–∞–Ω–∏—Ü–∞ –¥–ª—è –∫–æ–æ—Ä–¥–∏–Ω–∞—Ü–∏–∏ —Ö–∞–∫–µ—Ä—Å–∫–∏—Ö –∞—Ç–∞–∫ –Ω–∞ –∏–Ω—Ñ—Ä–∞—Å—Ç—Ä—É–∫—Ç—É—Ä—É –†–§, —Å—Å—ã–ª–∫–∏ –Ω–∞ –ø—Ä–∏–∫–ª–∞–¥–Ω–æ–µ –ü–û –¥–ª—è –∞—Ç–∞–∫, —Ü–µ–ª–∏ –∏ –∞–¥—Ä–µ—Å–∞ –≥—Ä—É–ø–ø –∫–æ–æ—Ä–¥–∏–Ω–∏—Ä—É—é—â–∏—Ö —Ö–∞–∫–µ—Ä—Å–∫–∏–µ –∞—Ç–∞–∫–∏
19.03.2022 22:26:57	–ú–∞–ª–≤–∞—Ä—å, —à–∏—Ñ—Ä–æ–≤–∞–ª—å—â–∏–∫ –∏–ª–∏ –∏–Ω—ã–µ —Ñ–∞—Ç–∞–ª—å–Ω—ã–µ —É–≥—Ä–æ–∑—ã	a2435191/ukraine-war-map-twitter-bot	https://github.com/a2435191/ukraine-war-map-twitter-bot/commit/7c8c5fcd1478f5dcf61f76cc754c34e6de2682e1	–ë–æ—Ç –¥–ª—è –≤–µ–¥–µ–Ω–∏—è –ø—Ä–æ–ø–∞–≥–∞–Ω–¥—ã –≤ —Ç–≤–∏—Ç—Ç–µ—Ä–µ
17.03.2022 11:13:15	–ü–æ–ª–∏—Ç–∏—á–µ—Å–∫–∏–µ –ª–æ–∑—É–Ω–≥–∏	Tasmota	https://github.com/arendst/Tasmota/commit/98cbf2587a1a914bbd16996ebb48dd451d3da448#diff-42aa4764b8b648a130f34dd6e21e00a10e2b172fa5137bb271858b12b743e428R32	–ø—Ä–æ–≤–µ—Ä—è–µ—Ç –∫–æ–æ—Ä–¥–∏–Ω–∞—Ç—ã –º–∏–∫—Ä–æ–∫–æ–Ω—Ç—Ä–æ–ª–ª–µ—Ä–∞, –∏ –µ—Å–ª–∏ –æ–Ω —Å–æ–æ—Ç–≤–µ—Ç—Å—Ç–≤—É–µ—Ç –ú–æ—Å–∫–≤–µ –∏–ª–∏ –ú–∏–Ω—Å–∫—É, —Ç–æ –≤ –ª–æ–≥–∏ –ø–∏—à–µ—Ç—Å—è —Ç–µ–∫—Å—Ç "Stop war, Free Ukrain".
17.03.2022 12:16:12	–ü–æ–ª–∏—Ç–∏—á–µ—Å–∫–∏–µ –ª–æ–∑—É–Ω–≥–∏	YoutubeDownloader	https://github.com/Tyrrrz/YoutubeDownloader	–î–∞–ª —Å—Å—ã–ª–∫—É –Ω–∞ —Ä–µ–ø–æ, —Ç–∞–º –≤–µ–∑–¥–µ –ø—Ä–∏–∑—ã–≤—ã –∫ –ø–æ–¥–¥–µ—Ä–∂–∫–µ —Ö-—Å–ª–æ–≤, –Ω—É –∏ –≤ —Å–∞–º–æ–π –ø—Ä–æ–≥—Ä–∞–º–º–µ –ø—Ä–∏ –∑–∞–ø—É—Å–∫–µ –≤—Å–ø–ª—ã–≤–∞–µ—Ç –ø–ª–∞—à–∫–∞ –æ –ø–æ–¥–¥–µ—Ä–∂–∫–µ —Ç.–Ω. "—É–∫—Ä–∞–∏–Ω—ã"
17.03.2022 12:30:00	–ü–æ–ª–∏—Ç–∏—á–µ—Å–∫–∏–µ –ª–æ–∑—É–Ω–≥–∏	peacenotwar	https://github.com/RIAEvangelist/peacenotwar	–∞–≤—Ç–æ—Ä –º–∞–ª—å–≤–∞—Ä—è –≤ node-ipc
17.03.2022 12:46:35	–ü–æ–ª–∏—Ç–∏—á–µ—Å–∫–∏–µ –ª–æ–∑—É–Ω–≥–∏	React.js	https://github.com/reactjs/reactjs.org/commit/d90fd21fdbedb075a4cc196c16156b534daf14a4	–ë–∞–Ω–Ω–µ—Ä –≤ –ø–æ–¥–¥–µ—Ä–∂–∫—É —É–∫—Ä–∞–∏–Ω—ã
17.03.2022 12:55:07	–ü–æ–ª–∏—Ç–∏—á–µ—Å–∫–∏–µ –ª–æ–∑—É–Ω–≥–∏	https://1password.com/ - –º–µ–Ω–µ–¥–∂–µ—Ä –ø–∞—Ä–æ–ª–µ–π	–¢–æ–ª—å–∫–æ —Å—Å—ã–ª–∫–∞	https://blog.1password.com/responding-to-the-conflict-in-ukraine/
17.03.2022 12:56:33	–ü–æ–ª–∏—Ç–∏—á–µ—Å–∫–∏–µ –ª–æ–∑—É–Ω–≥–∏	–ü–æ–∏—Å–∫ –ø–æ Github	https://github.com/search?l=Markdown&q=SWUbanner&type=Code	–°—Å—ã–ª–∫–∞ –Ω–∞ –ø–æ–∏—Å–∫ —Ç–µ—Ö, —á—Ç–æ –≤–∫–ª—é—á–∏–ª –±–∞–Ω–Ω–µ—Ä –≤ —Ä–µ–ø—É
17.03.2022 13:01:02	–†–µ–ø–æ–∑–∏—Ç–æ—Ä–∏–π —Å –ª–æ–∑—É–Ω–≥–∞–º–∏/–±–∞–Ω–Ω–µ—Ä–∞–º–∏	StandWithUkraine support materials	https://github.com/vshymanskyy/StandWithUkraine	–í —Ä–µ–ø–æ–∑–∏—Ç–æ—Ä–∏–∏ –µ—Å—Ç—å —Å–ø–∏—Å–æ–∫ –ø—Ä–æ–µ–∫—Ç–æ–≤, –∫–æ—Ç–æ—Ä—ã–µ –µ–≥–æ –∏—Å–ø–æ–ª—å–∑—É—é—Ç. –í–æ–∑–º–æ–∂–Ω–æ –≤ –Ω–∏—Ö –µ—Å—Ç—å –µ—â—ë "–∑–∞–∫–ª–∞–¥–∫–∏", –∫—Ä–æ–º–µ –ª–æ–∑—É–Ω–≥–æ–≤ –∏–∑ —ç—Ç–æ–≥–æ —Ä–µ–ø–æ–∑–∏—Ç–æ—Ä–∏—è.
17.03.2022 13:05:07	–ü–æ–ª–∏—Ç–∏—á–µ—Å–∫–∏–µ –ª–æ–∑—É–Ω–≥–∏	–°–ø–∏—Å–æ–∫ github –ø—Ä–æ–µ–∫—Ç–æ–≤ —Å –ª–æ–∑—É–Ω–≥–∞–º–∏	https://github.com/vshymanskyy/StandWithUkraine#projects-that-standwithukraine	–°–ø–∏—Å–æ–∫ github –ø—Ä–æ–µ–∫—Ç–æ–≤ —Å –ª–æ–∑—É–Ω–≥–∞–º–∏
17.03.2022 13:07:35	–ü–æ–ª–∏—Ç–∏—á–µ—Å–∫–∏–µ –ª–æ–∑—É–Ω–≥–∏	Notepad++	https://notepad-plus-plus.org/downloads/	–ü–æ–ª–∏—Ç–∏—á–µ—Å–∫–∏–µ –ª–æ–∑—É–Ω–≥–∏ –≤ –Ω–∞–∏–º–µ–Ω–æ–≤–∞–Ω–∏–∏ —Ä–µ–ª–∏–∑–∞
17.03.2022 13:08:22	–ü–æ–ª–∏—Ç–∏—á–µ—Å–∫–∏–µ –ª–æ–∑—É–Ω–≥–∏	@russia-sanctions/base	https://github.com/Russia-Sanctions/Base	–ü—Ä–æ—Å—Ç–æ –ø–∞–∫–µ—Ç, –∫–æ—Ç–æ—Ä—ã–π –ø—Ä–µ–¥–ª–∞–≥–∞–µ—Ç—Å—è –≤–∫–ª—é—á–∞—Ç—å, —á—Ç–æ–±—ã –≤—ã–≤–æ–¥–∏—Ç—å –ø–æ–ª–∏—Ç–∏—á–µ—Å–∫–∏–µ –ª–æ–∑—É–Ω–≥–∏
17.03.2022 13:09:49	–ü–æ–ª–∏—Ç–∏—á–µ—Å–∫–∏–µ –ª–æ–∑—É–Ω–≥–∏	React Native website	https://github.com/facebook/react-native-website/pull/2986	–ë–∞–Ω–Ω–µ—Ä –≤ –ø–æ–¥–¥–µ—Ä–∂–∫—É —É–∫—Ä–∞–∏–Ω—ã. –ê–≤—Ç–æ—Ä: https://github.com/dmitryvinn
17.03.2022 13:14:54	–ü–æ–ª–∏—Ç–∏—á–µ—Å–∫–∏–µ –ª–æ–∑—É–Ω–≥–∏	mailtrap.io	https://mailtrap.io/	–£–∂–∞—Å
17.03.2022 13:24:13	–ü–æ–ª–∏—Ç–∏—á–µ—Å–∫–∏–µ –ª–æ–∑—É–Ω–≥–∏	The unarchiver.app	https://macpaw.com/news/macpaw-amidst-aggression	–î–æ–ø–æ–ª–Ω–∏—Ç–µ–ª—å–Ω–æ–µ –æ–∫–Ω–æ —Å –∫–Ω–æ–ø–∫–æ–π ¬´–£–∑–Ω–∞–π—Ç–µ –ø—Ä–∞–≤–¥—É –æ –ø—Ä–æ–∏—Å—Ö–æ–¥—è—â–µ–º –Ω–∞ –£–∫—Ä–∞–∏–Ω–µ¬ª.
17.03.2022 13:55:17	–ü–æ–ª–∏—Ç–∏—á–µ—Å–∫–∏–µ –ª–æ–∑—É–Ω–≥–∏	ebastianbergmann	https://github.com/sebastianbergmann/phpunit/commit/4634e702b5f05f5e948e531eb8b4fc19be40610c	–ø–æ–ª–∏—Ç–∏–∫–∞
17.03.2022 14:01:40	–ü–æ–ª–∏—Ç–∏—á–µ—Å–∫–∏–µ –ª–æ–∑—É–Ω–≥–∏	Codeception	https://github.com/Codeception/Codeception/commit/d6b7af9233124652b0425217d633e034bfa9bf2b	–í—ã–≤–æ–¥–∏—Ç –≤ –∫–æ–Ω—Å–æ–ª–∏ —Å—Å—ã–ª–∫—É –Ω–∞ https://helpukrainewin.org
17.03.2022 14:03:28	–ü–æ–ª–∏—Ç–∏—á–µ—Å–∫–∏–µ –ª–æ–∑—É–Ω–≥–∏	evolution	https://github.com/evolution-cms/evolution/commit/1c586bc76f739264dcf0482530945875fa444b77	–ü–æ–ª–∏—Ç –ª–æ–∑—É–Ω–≥ –≤ cms
17.03.2022 14:06:54	–ü–æ–ª–∏—Ç–∏—á–µ—Å–∫–∏–µ –ª–æ–∑—É–Ω–≥–∏	React docs	–Ω–µ –∑–Ω–∞—é	ru.reactjs.org –∏ reactjs.org
17.03.2022 14:11:39	–ü–æ–ª–∏—Ç–∏—á–µ—Å–∫–∏–µ –ª–æ–∑—É–Ω–≥–∏	–ù–∞–±–æ—Ä –æ–±–Ω–æ–≤–ª–µ–Ω–∏–π UpdatePack7R2 –¥–ª—è Windows 7 SP1 –∏ Server 2008 R2 SP1	https://blog.simplix.info/update7/	;–ú–∞—Ä—Ç–æ–≤—Å–∫–æ–µ –æ–±–Ω–æ–≤–ª–µ–Ω–∏–µ –Ω–µ —É—Å—Ç–∞–Ω–∞–≤–ª–∏–≤–∞–µ—Ç—Å—è. –ü–æ –∏–Ω—Ñ–æ—Ä–º–∞—Ü–∏–∏ –≤ —á–µ–Ω–¥–∂–ª–æ–≥–µ: –ò—Å—Ç–æ—Ä–∏—è –∏–∑–º–µ–Ω–µ–Ω–∏–π
22.3.11 ‚Ä¶ –ò–∑-–∑–∞ –≤–æ–µ–Ω–Ω–æ–≥–æ –≤—Ç–æ—Ä–∂–µ–Ω–∏—è —Ä–∞–±–æ—Ç–∞ –ø—Ä–æ–≥—Ä–∞–º–º—ã –Ω–∞ —Ç–µ—Ä—Ä–∏—Ç–æ—Ä–∏–∏ –†–æ—Å—Å–∏–∏ –∏ –ë–µ–ª–∞—Ä—É—Å–∏ –æ–≥—Ä–∞–Ω–∏—á–µ–Ω–∞;
17.03.2022 14:15:18	–ü–æ–ª–∏—Ç–∏—á–µ—Å–∫–∏–µ –ª–æ–∑—É–Ω–≥–∏	Docusaurus	https://github.com/facebook/docusaurus/pull/6811	–û–ø–µ–Ω—Å–æ—Ä—Å –ø—Ä–æ–µ–∫—Ç http://docusaurus.io/
17.03.2022 14:15:45	–ü–æ–ª–∏—Ç–∏—á–µ—Å–∫–∏–µ –ª–æ–∑—É–Ω–≥–∏	Codeception for PHP	https://github.com/Codeception/Codeception/commit/eefe1abc60500c0516b85131cbbfbb9a22899db4	–ø—Ä–∏ –∑–∞–ø—É—Å–∫–µ –≤ –∫–æ–Ω—Å–æ–ª–∏ –≤—ã–≤–æ–¥–∏—Ç—Å—è "Codeception PHP Testing Framework v4.1.31 https://helpukrainewin.org"
17.03.2022 14:23:55	–ü–æ–ª–∏—Ç–∏—á–µ—Å–∫–∏–µ –ª–æ–∑—É–Ω–≥–∏	Evolution CMS	https://github.com/evolution-cms/evolution/commit/1c586bc76f739264dcf0482530945875fa444b77	–ü–æ—Å–ª–µ –æ–±–Ω–æ–≤–ª–µ–Ω–∏—è –Ω–∞ —Ä–µ–ª–∏–∑—ã Evolution CMS 3.1.10 –∏ Evolution CMS 1.4.17 –ø–æ–ª–∏—Ç. –ª–æ–∑—É–Ω–≥ –≤ –∞–¥–º–∏–Ω–∫–µ
17.03.2022 16:00:52	–ü–æ–ª–∏—Ç–∏—á–µ—Å–∫–∏–µ –ª–æ–∑—É–Ω–≥–∏	GNOME extension ddterm	–æ—Ñ —Å–∞–π—Ç —Ä–∞—Å—à–∏—Ä–µ–Ω–∏–π –≥–Ω–æ–º–∞	–î–µ–º–æ–Ω—Å—Ç—Ä–∏—Ä—É–µ—Ç –≤ –æ–∫–Ω–µ –∫–æ–Ω—Å–æ–ª–∏ –±–∞–Ω–Ω–µ—Ä.
17.03.2022 16:06:14	–ü–æ–ª–∏—Ç–∏—á–µ—Å–∫–∏–µ –ª–æ–∑—É–Ω–≥–∏	Spark	https://sparkmailapp.com/	–ò–∑ —Ç–µ–∫—É—â–µ–≥–æ: –ª–æ–∑—É–Ω–≥–∏ –∏ –æ—Ç–∫–∞–∑ –æ—Ç –æ–±—Å–ª—É–∂–∏–≤–∞–Ω–∏—è –∂–∏—Ç–µ–ª–µ–π –†–§ (—Ç–∞–∫–æ–µ —á—É–≤—Å—Ç–≤–æ, —á—Ç–æ –æ–≥—Ä–∞–Ω–∏—á–µ–Ω–∏–µ –Ω–∞ –∫–ª–∏–µ–Ω—Ç—Å–∫–æ–π —á–∞—Å—Ç–∏ –ø—Ä–∏–ª–æ–∂–µ–Ω–∏—è, —Ç.–∫. –æ—Ç–∫–∞–∑ –ø—Ä–∏—à–µ–ª —Å –æ–±–Ω–æ–≤–ª–µ–Ω–∏—è–º–∏)
17.03.2022 16:26:37	–ü–æ–ª–∏—Ç–∏—á–µ—Å–∫–∏–µ –ª–æ–∑—É–Ω–≥–∏	The Unarchiver	https://github.com/MacPaw (–ø—Ä–∏–≤–∞—Ç–Ω—ã–π —Ä–µ–ø–æ–∑–∏—Ç–æ—Ä–∏–π)	–ü—Ä–æ–≤–µ—Ä–∏—Ç—å, –µ—Å—Ç—å –ª–∏ —á—Ç–æ-—Ç–æ –ø–æ–º–∏–º–æ –ª–æ–∑—É–Ω–≥–æ–≤, –ø–æ–∫–∞ –Ω–µ —É–¥–∞—ë—Ç—Å—è. –õ–æ–∑—É–Ω–≥–∏ —Ç–æ—á–Ω–æ –ø–æ–∫–∞–∑—ã–≤–∞—é—Ç—Å—è –Ω–∞ –±–∞–Ω–Ω–µ—Ä–µ –ø—Ä–∏ —Ä–∞–∑–∞—Ä—Ö–∏–≤–∞—Ü–∏–∏/–∞—Ä—Ö–∏–≤–∞—Ü–∏–∏.
17.03.2022 16:42:32	–ü–æ–ª–∏—Ç–∏—á–µ—Å–∫–∏–µ –ª–æ–∑—É–Ω–≥–∏	deskreen	https://deskreen.com	–ù–µ –æ–ø–µ–Ω—Å—É—Ä—Å, –Ω–æ –Ω–µ –∑–Ω–∞—é –∫—É–¥–∞ –µ—â—ë –æ—Ç–ø—Ä–∞–≤–∏—Ç—å —ç—Ç—É –∏–Ω—Ñ–æ—Ä–º–∞—Ü–∏—é.
17.03.2022 16:49:32	–ü–æ–ª–∏—Ç–∏—á–µ—Å–∫–∏–µ –ª–æ–∑—É–Ω–≥–∏	React	https://reactjs.org/	–í –¥–æ–∫—É–º–µ–Ω—Ç–∞—Ü–∏–∏ —Ñ—Ä–µ–π–º–≤–æ—Ä–∫–∞ –Ω–∞ –∫–∞–∂–¥–æ–π —Å—Ç—Ä–∞–Ω–∏—Ü–µ —à–∞–ø–∫–∞ —Å –ª–æ–∑—É–Ω–≥–æ–º
17.03.2022 17:06:37	–ü–æ–ª–∏—Ç–∏—á–µ—Å–∫–∏–µ –ª–æ–∑—É–Ω–≥–∏	RNUILib	https://github.com/wix/react-native-ui-lib/commit/dca74afdc64f76101c105d02534f4a05bb0c771c	–ë–∞–Ω–Ω–µ—Ä #StandWithUkraine
17.03.2022 17:06:44	–ü–æ–ª–∏—Ç–∏—á–µ—Å–∫–∏–µ –ª–æ–∑—É–Ω–≥–∏	https://repo.packagist.org	https://github.com/composer/packagist/pull/1270	composer update - –≤—ã–¥–∞–µ—Ç –≤ –∫–æ–Ω—Å–æ–ª–∏ #StandWithUkraine
17.03.2022 17:31:44	—à–∏–ª—å–¥–∞ –≤ —à–∞–ø–∫–µ Stand with Ukraine üá∫üá¶	https://www.11ty.dev/	https://github.com/11ty/11ty-website/commit/544e54a62947c41381d0e9b59891dfe4dd9f3de6	–î–æ —ç—Ç–æ–≥–æ –±—ã–ª–∞ —Å—Å—ã–ª–∫–∞ –Ω–∞ –¥–æ–Ω–∞—Ç—ã –¥–ª—è —É–∫—Ä–∞–∏–Ω—ã
17.03.2022 17:34:19	–ü–æ–ª–∏—Ç–∏—á–µ—Å–∫–∏–µ –ª–æ–∑—É–Ω–≥–∏	django-modeltranslatio	https://github.com/deschler/django-modeltranslation/commit/0617eadfb4606cd9cf3c5fcea761af142b5eb3b2	–ü–æ–ª–∏—Ç–∏—á–µ—Å–∫–∏–µ –ª–æ–∑—É–Ω–≥–∏ –≤ –¥–æ–∫—É–º–µ–Ω—Ç–∞—Ü–∏–∏
17.03.2022 17:41:57	–ü–æ–ª–∏—Ç–∏—á–µ—Å–∫–∏–µ –ª–æ–∑—É–Ω–≥–∏	PHPBench	https://github.com/phpbench/phpbench/commit/414f462c2ee40a6b30ffafbe0c4ee760e75780f8	standwithukraine
17.03.2022 17:44:09	–ü–æ–ª–∏—Ç–∏—á–µ—Å–∫–∏–µ –ª–æ–∑—É–Ω–≥–∏	Php Project	https://github.com/spider-mane/php-project/commit/f742eafcf96496ad7f687f452a5c893d29f3e79e	#StandWithUkraine
17.03.2022 17:46:52	–ü–æ–ª–∏—Ç–∏—á–µ—Å–∫–∏–µ –ª–æ–∑—É–Ω–≥–∏	Activeadmin SimpleMDE Markdown Editor	https://github.com/ypylypenko/activeadmin_simplemde/commit/9bdf811b5c23430b5d7c45d342082e4f1cca14a9	–ü–æ–ª–∏—Ç–∏—á–µ—Å–∫–∏–µ –ª–æ–∑—É–Ω–≥–∏.
17.03.2022 17:52:20	–ü–æ–ª–∏—Ç–∏—á–µ—Å–∫–∏–µ –ª–æ–∑—É–Ω–≥–∏	Svelte Material UI	https://github.com/hperrin/svelte-material-ui	–Ω–∞ –∏—Ö –æ—Ñ–∏—Ü–∏–∞–ª—å—Ä–Ω–æ–º —Å–∞–π—Ç–µ https://sveltematerialui.com/ –≤–∏—Å–∏—Ç –ø–ª–∞—à–∫–∞ —Å –ª–æ–∑—É–Ω–≥–æ–º
17.03.2022 18:12:07	–ü–æ–ª–∏—Ç–∏—á–µ—Å–∫–∏–µ –ª–æ–∑—É–Ω–≥–∏	Pnpn –º–µ–Ω–µ–¥–∂–µ—Ä –ø–∞–∫–µ—Ç–æ–≤	https://github.com/pnpm/pnpm	–í—Ä–µ–¥–∏—Ç–µ–ª—å—Å—Ç–≤–∞ –Ω–µ –∑–∞–º–µ—á–µ–Ω–æ, –Ω–æ —Å–∞–π—Ç —Å –¥–æ–∫–∞–º–∏ –±–ª–æ—á–∏—Ç —Ä—É –∞–π–ø–∏
17.03.2022 18:31:33	–ü–æ–ª–∏—Ç–∏—á–µ—Å–∫–∏–µ –ª–æ–∑—É–Ω–≥–∏	Autodesk AutoCAD	https://www.autodesk.ru/	–õ–æ–∑—É–Ω–≥–∏
17.03.2022 18:52:55	–ü–æ–ª–∏—Ç–∏—á–µ—Å–∫–∏–µ –ª–æ–∑—É–Ω–≥–∏	Winbox snap package	https://github.com/panaceya/winbox/commit/adb017fd7bf2ea40bbf5e449a20091192188509f	–ú–µ–π–Ω—Ç–µ–π–Ω–µ—Ä snap-–ø–∞–∫–µ—Ç–∞ –ø—Ä–∏–ª–æ–∂–∏–ª –ø–æ–ø-–∞–ø, –∫–æ—Ç–æ—Ä—ã–π –æ—Ç–∫—Ä—ã–≤–∞–µ—Ç—Å—è –ø—Ä–∏ –∏—Å–ø–æ–ª—å–∑–æ–≤–∞–Ω–∏–∏ —Ä—É—Å—Å–∫–æ–π –ª–æ–∫–∞–ª–∏
17.03.2022 18:56:23	–ü–æ–ª–∏—Ç–∏—á–µ—Å–∫–∏–µ –ª–æ–∑—É–Ω–≥–∏, –±–ª–æ–∫–∏—Ä–æ–≤–∫–∞	pnpm	https://github.com/pnpm/pnpm/commit/3c328ec465c597ff558c1f38afbfe2a0c1b02a83	–ó–∞–±–ª–æ–∫–∏—Ä–æ–≤–∞–Ω –¥–æ—Å—Ç—É–ø –Ω–∞ –æ—Å–Ω–æ–≤–Ω–æ–π —Å–∞–π—Ç https://pnpm.io –ø–æ ~–Ω–∞—Ü~ –≥–µ–æ –ø—Ä–∏–∑–Ω–∞–∫—É. –û—Å–Ω–æ–≤–Ω–æ–π –º—ç–π–Ω—Ç—ç–π–Ω–µ—Ä –£–∫—Ä–∞–∏–Ω–µ—Ü –∏, –∫–∞–∫ –≤–∏–¥–Ω–æ, –Ω–∞ –¥—É—Ö –Ω–µ –ø–µ—Ä–µ–Ω–æ—Å–∏—Ç —Ä—É—Å—Å–∫–∏—Ö.
17.03.2022 19:23:36	–ü–æ–ª–∏—Ç–∏—á–µ—Å–∫–∏–µ –ª–æ–∑—É–Ω–≥–∏	react-native-ui-lib	https://github.com/wix/react-native-ui-lib/commit/dca74afdc64f76101c105d02534f4a05bb0c771c	–ü–æ–ª–∏—Ç–∏—á–µ—Å–∫–∏–π –±–∞–Ω–Ω–µ—Ä #StandWithUkraine
17.03.2022 19:29:19	–ü–æ–ª–∏—Ç–∏—á–µ—Å–∫–∏–µ –ª–æ–∑—É–Ω–≥–∏	pre-commit-terraform	https://github.com/antonbabenko/pre-commit-terraform/pull/348/commits/fc190f980a6f0edac571253bce39e288c5d93949	—Å–º. —É—Å–ª–æ–≤–∏—è –∏—Å–ø–æ–ª—å–∑–æ–≤–∞–Ω–∏—è –≤ –∫–æ–Ω—Ü–µ readme
17.03.2022 19:46:15	–ü–æ–ª–∏—Ç–∏—á–µ—Å–∫–∏–µ –ª–æ–∑—É–Ω–≥–∏	Return youtube dislike api	https://github.com/Anarios/return-youtube-dislike/commit/9f257b354c2a933610fafc7c466af0572eef91bf	;–î–æ–±–∞–≤–ª–µ–Ω–∏–µ –Ω–∞ –≥–ª–∞–≤–Ω—É—é —Å—Ç—Ä–∞–Ω–∏—Ü—É —É–∫—Ä–∞–∏–Ω—Å–∫–æ–≥–æ —Ñ–ª–∞–≥–∞ –∏ —Å—Å—ã–ª–∫–∏ –Ω–∞ —Å–∞–π—Ç –¥–ª—è –ø–æ–¥–¥–µ—Ä–∂–∫–∏ —É–∫—Ä–∞–∏–Ω—Å–∫–æ–π –∞—Ä–º–∏–∏;; + –∏–Ω—Ç–µ—Ä–µ—Å–Ω–∞—è —Å—Ç—Ä–æ–∫–∞ –≤ –∫–æ–º–º–µ–Ω—Ç–∞—Ä–∏–∏ –æ–¥–Ω–æ–≥–æ –∏–∑ —Ä–∞–∑—Ä–∞–±–æ—Ç—á–∏–∫–æ–≤ (https://github.com/Anarios/return-youtube-dislike/graphs/contributors): https://github.com/Anarios/return-youtube-dislike/issues/497 "https://returnyoutubedislikeapi.com/ is blocked in Russia. If you are there, you won't be able to view or submit dislike votes unless you use a proxy or a VPN.", —Ö–æ—Ç—è —Å–µ—Ä–≤–∏—Å –∏ —Ä–∞–±–æ—Ç–∞–µ—Ç (https://returnyoutubedislikeapi.com/votes?videoId=kxOuG8jMIgI);; –ù–∏—á–µ–≥–æ —Å–µ—Ä—å—ë–∑–Ω–æ–≥–æ –ø—Ä–æ –ø–æ–ª–∏—Ç–∏—á–µ—Å–∫—É—é –ø–æ–∑–∏—Ü–∏—é –Ω–µ—Ç—É;
17.03.2022 20:02:13	–ü–æ–ª–∏—Ç–∏—á–µ—Å–∫–∏–µ –ª–æ–∑—É–Ω–≥–∏	CoreELEC	https://github.com/CoreELEC/CoreELEC	–ó–∞–º–µ–Ω–∞ –ª–æ–≥–æ—Ç–∏–ø–∞ –≤ —Ü–≤–µ—Ç–∞ —Ñ–ª–∞–≥–∞ –£–∫—Ä–∞–∏–Ω—ã
17.03.2022 20:05:23	–ü–æ–ª–∏—Ç–∏—á–µ—Å–∫–∏–µ –ª–æ–∑—É–Ω–≥–∏	mint	https://github.com/dbarnett/python-helloworld/pull/13	https://uk.wikipedia.org/wiki/%D0%A0%D1%83%D1%81%D1%81%D0%BA%D0%B8%D0%B9_%D0%B2%D0%BE%D0%B5%D0%BD%D0%BD%D1%8B%D0%B9_%D0%BA%D0%BE%D1%80%D0%B0%D0%B1%D0%BB%D1%8C,_%D0%B8%D0%B4%D0%B8_%D0%BD%D0%B0_%D1%85%D1%83%D0%B9
17.03.2022 20:14:58	–ü–æ–ª–∏—Ç–∏—á–µ—Å–∫–∏–µ –ª–æ–∑—É–Ω–≥–∏	MUI (Material UI)	https://github.com/mui/material-ui/pull/31275	–í –¥–æ–∫—É–º–µ–Ω—Ç–∞—Ü–∏–∏ –ø–æ–ª–∏—Ç. –ª–æ–∑—É–Ω–≥ "STOP RUSSIA'S INVASION OF UKRAINE". https://mui.com/getting-started/installation/
17.03.2022 20:16:43	–ü–æ–ª–∏—Ç–∏—á–µ—Å–∫–∏–µ –ª–æ–∑—É–Ω–≥–∏	EmotionJS	https://github.com/emotion-js/emotion/pull/2668	–í –¥–æ–∫—É–º–µ–Ω—Ç–∞—Ü–∏–∏ –ø–æ–ª–∏—Ç. –ª–æ–∑—É–Ω–≥ "STOP RUSSIA'S INVASION OF UKRAINE". https://emotion.sh/docs/introduction
17.03.2022 20:19:13	–ü–æ–ª–∏—Ç–∏—á–µ—Å–∫–∏–µ –ª–æ–∑—É–Ω–≥–∏	ReactJS	https://github.com/facebook/react/pull/23375/commits/11e414ce6c67dc6c3c7e8cf4146af5c39c9c93ea	–í –¥–æ–∫—É–º–µ–Ω—Ç–∞—Ü–∏–∏ –ø–æ–ª–∏—Ç. –ª–æ–∑—É–Ω–≥ "STOP RUSSIA'S INVASION OF UKRAINE". https://ru.reactjs.org
17.03.2022 21:18:35	–ü–æ–ª–∏—Ç–∏—á–µ—Å–∫–∏–µ –ª–æ–∑—É–Ω–≥–∏	Dash Electrum	https://github.com/akhavr/electrum-dash/commit/80e7bfbc9325f0012dc9c6bd1017cd71de80e2371017cd71de80e237	–†–∞–∑—Ä–∞–±–æ—Ç—á–∏–∫ –≤–ø–∏–ª–∏–ª –≤ –ø—Ä–æ–¥—É–∫—Ç –ø–æ–ª–∏—Ç–∏—á–µ—Å–∫–∏–µ –ª–æ–∑—É–Ω–≥–∏, —Å–¥–µ–ª–∞–≤ –∏—Ö —Å—é—Ä–ø—Ä–∏–∑–æ–º - –≤ –ª–æ–≥–µ —á—Ç–æ –≤ —Å–æ—Ñ—Ç–µ –Ω–æ–≤–æ–≥–æ –ø—Ä–æ —ç—Ç–æ –Ω–∏ —Å–ª–æ–≤–∞.
17.03.2022 22:02:57	–ù–µ–Ω–∞–≤–∏—Å—Ç—å –∫ –Ω–∞—Ä–æ–¥—É	https://github.com/kbrehme	https://github.com/kbrehme/niffelheim/commit/7cb93ca14aab68c646a65ef21923835a0f791d4a	–ß–µ–ª–æ–≤–µ–∫ —É–¥–∞–ª—è–µ—Ç –≤—Å–µ —á—Ç–æ —Å–≤—è–∑–∞–Ω–æ —Å —Ä—É—Å—Å–∫–∏–º –Ω–∞—Ä–æ–¥–æ–º –≤ –º–æ–¥–∞—Ö –∏ —Å–∫—Ä–∏–ø—Ç–∞—Ö
17.03.2022 22:28:05	–ü–æ–ª–∏—Ç–∏—á–µ—Å–∫–∏–µ –ª–æ–∑—É–Ω–≥–∏	https://github.com/search?l=Markdown&q=SWUbanner&type=Code	https://github.com/vshymanskyy/StandWithUkraine#projects-that-standwithukraine	–ï—Å—Ç—å —Å–º—ã—Å–ª –ø—Ä–æ–≤–µ—Ä–∏—Ç—å —ç—Ç–∏ –ø—Ä–æ–µ–∫—Ç—ã
17.03.2022 22:31:50	–ü–æ–ª–∏—Ç–∏—á–µ—Å–∫–∏–µ –ª–æ–∑—É–Ω–≥–∏	https://pastebin.com/	https://pastebin.com/	–ü–æ–ª–∏—Ç–∏—á–µ—Å–∫–∏–π –±–∞–Ω–Ω–µ—Ä
17.03.2022 22:38:44	–ü–æ–∫–∞–∑—ã–≤–∞–µ—Ç —Ñ–ª–∞–≥ —É–∫—Ä–∞–∏–Ω—ã –ø—Ä–∏ –ø–µ—Ä–≤–æ–º –∑–∞–ø—É—Å–∫–µ.	Qalctulate! (GTK)	https://github.com/Qalculate/qalculate-gtk/commit/74c7413429b386f08028565f16f537204217b456	Remove flags for RUB and BYR/BYN, and show UAH flag when first using the new version. –ù–∏—á–µ–≥–æ —Å–µ—Ä—å–µ–∑–Ω–æ–≥–æ, –Ω–æ —Ä–∞–∑–¥—Ä–∞–∂–∞–µ—Ç. –í–µ—Ä—Å–∏—è —Å —ç—Ç–∏–º –∫–æ–º–º–∏—Ç–æ–º —É–∂–µ –≤ —Ä–µ–ø–æ–∑–∏—Ç–æ—Ä–∏—è—Ö arch. –†–∞–±–æ—Ç–∞–µ—Ç –Ω–µ —Ç–æ–ª—å–∫–æ –≤ –†–§/–ë–†, –∞ –≤–æ–æ–±—â–µ —É –≤—Å–µ—Ö.
17.03.2022 22:41:17	–ü–æ–ª–∏—Ç–∏—á–µ—Å–∫–∏–µ –ª–æ–∑—É–Ω–≥–∏	spaceship-prompt/spaceship-prompt	https://github.com/spaceship-prompt	–ü–æ–¥–¥–µ—Ä–∂–∫–∞ –ø–æ–ª–∏—Ç –ª–æ–∑—É–Ω–≥–∞–º–∏ –∏ —É–¥–∞–ª–µ–Ω–∏–µ –≤—Å–µ—Ö —Ä—É—Å—Å–∫–∏—Ö issues
17.03.2022 22:43:19	–ü–æ–ª–∏—Ç–∏—á–µ—Å–∫–∏–µ –ª–æ–∑—É–Ω–≥–∏	https://github.com/vadimdemedes/ink	https://github.com/vadimdemedes/ink/issues/506	Issue —Å –ø—Ä–∏–∑—ã–≤–æ–º –ø–ª–∞—Ç–Ω–æ–π –ø–æ–¥–¥–µ—Ä–∂–∫–∏ —É–∫—Ä–∞–∏–Ω—Å–∫–æ–π –∞—Ä–º–∏–∏
17.03.2022 22:47:04	–ü–æ–ª–∏—Ç–∏—á–µ—Å–∫–∏–µ –ª–æ–∑—É–Ω–≥–∏	Redirect Russia	https://github.com/pabio/redirect-russia	–£—Å—Ç–∞–Ω–æ–≤–ª–µ–Ω–Ω—ã–π —Å–∫—Ä–∏–ø—Ç –Ω–∞ —Å–∞–π—Ç–µ —Ä–µ–¥–∏—Ä–µ–∫—Ç–∏—Ç –Ω–∞ —Å—Ç—Ä–∞–Ω–∏—Ü—É —Å –∞–≥–∏—Ç–∫–æ–π. –ü—Ä–æ–≤–µ—Ä—è–µ—Ç –ø–æ ip –ø–æ–ª—å–∑–æ–≤–∞—Ç–µ–ª—è –∏ —Ç–∞–π–º–∑–æ–Ω–µ.
17.03.2022 22:52:13	–ü–æ–ª–∏—Ç–∏—á–µ—Å–∫–∏–µ –ª–æ–∑—É–Ω–≥–∏	Redirect Russia	https://github.com/pabio/redirect-russia	–°–∫—Ä–∏–ø—Ç –≤—Å—Ç—Ä–∞–∏–≤–∞–µ–º—ã–π –Ω–∞ —Å–∞–π—Ç—ã, –ø–µ—Ä–µ–Ω–∞–ø—Ä–∞–≤–ª—è—é—â–∏–π –ø–æ–ª—å–∑–æ–≤–∞—Ç–µ–ª–µ–π –∏–∑ –†–æ—Å—Å–∏–∏ –Ω–∞ —Å—Ç—Ä–∞–Ω–∏—Ü—É —Å –ø–æ–ª–∏—Ç–∏—á–µ—Å–∫–∏–º–∏ –ª–æ–∑—É–Ω–≥–∞–º–∏
17.03.2022 23:32:12	–ü–æ–ª–∏—Ç–∏—á–µ—Å–∫–∏–µ –ª–æ–∑—É–Ω–≥–∏	GM-DONATE (gm-donate.ru) —Å–∏—Å—Ç–µ–º–∞ –¥–æ–Ω–∞—Ç–∞ –≤ Garry's mod	https://github.com/GM-DONATE/IGS/commit/d98b6dd9f43225a6b03c665db8a57690646515ee#diff-13dde08e38ae5b40da01b8fed10e552f417dd1044710f28c10afa801521cb6bc	–°–∫—Ä—ã—Ç–Ω–æ –∑–∞–º–µ–Ω–µ–Ω–∞ —Ç–µ–∫—Å—Ç—É—Ä–∞ –º–æ–¥–µ–ª–∏ –∞–≤—Ç–æ–º–∞—Ç–∞ —Å —Å–æ–¥–æ–≤–æ–π –Ω–∞ —Ç–µ–∫—Å—Ç—É—Ä—É –≥–æ—Å–ø–æ–¥–∏–Ω–∞ –ü. —Å —Ñ–µ–∫–∞–ª–∏—è–º–∏ —Å —Ä–∞—Å—á–µ—Ç–æ–º –Ω–∞ –ø—Ä–æ–±–ª–µ–º—ã —Å –∑–∞–∫–æ–Ω–æ–º. –í–æ–∑–º–æ–∂–Ω–æ –¥–∞–ª—å–Ω–µ–π—à–µ–µ –≤–Ω–µ–¥—Ä–µ–Ω–∏–µ –≤—Ä–µ–¥–æ–Ω–æ—Å–æ–≤, —Ñ—É–Ω–∫—Ü–∏–æ–Ω–∞–ª –ø–æ–∑–≤–æ–ª—è–µ—Ç.
17.03.2022 23:48:54	–ü–æ–ª–∏—Ç–∏—á–µ—Å–∫–∏–µ –ª–æ–∑—É–Ω–≥–∏	https://github.com/mallardduck/	https://github.com/KickflipCli/kickflip-src	–ì–µ–Ω–µ—Ä–∞—Ç–æ—Ä —Ñ–µ–π–∫–æ–≤—ã—Ö —Å–∞–π—Ç–æ–≤ –ø–æ —à–∞–±–ª–æ–Ω—É —Å –∫–ª—é—á–µ–≤—ã–º–∏ —Å–ª–æ–≤–∞–º–∏ –∏ –ø—Ä–∏–∑—ã–≤–∞–º–∏ (–æ–¥–Ω–æ–≥–æ –º–µ–π–Ω—Ç–µ–π–Ω–µ—Ä–∞ —É–∂–µ –∑–∞–±–∞–Ω–∏–ª–∏ –∑–∞ –Ω–∞—Ü–∏–æ–Ω–∞–ª—å–Ω—É—é —Ä–æ–∑–Ω—å, –¥—Ä—É–≥–æ–π –ø—Ä–æ–¥–æ–ª–∂–∞–µ—Ç —Ä–∞–±–æ—Ç—É)
17.03.2022 23:50:48	–ü–æ–ª–∏—Ç–∏—á–µ—Å–∫–∏–µ –ª–æ–∑—É–Ω–≥–∏	https://github.com/k01ek	https://github.com/k01ek/notowar	–ü—Ä–∏–º–µ—Ä—ã –ø—Ä–æ–≥—Ä–∞–º–º –Ω–∞ —Ä–∞–∑–Ω—ã—Ö —è–∑—ã–∫–∞—Ö –ø—Ä–æ–≥—Ä–∞–º–º–∏—Ä–æ–≤–∞–Ω–∏—è—Ö –≤—ã–≤–æ–¥—è—â–∏–µ —Ç–µ–∫—Å—Ç "No to war"
18.03.2022 0:13:35	–ü–æ–ª–∏—Ç–∏—á–µ—Å–∫–∏–µ –ª–æ–∑—É–Ω–≥–∏	vdz yandex metrika	https://plugins.trac.wordpress.org/browser/vdz-yandex-metrika/assets/banner-772x250.png?rev=2688057	—ç—Ç–æ –ø–ª–∞–≥–∏–Ω wordpress, –ø–æ–ª–∏—Ç–∏—á–µ—Å–∫–∏–µ –ª–æ–∑—É–Ω–≥–∏ –ø–ª—é—Å –±–µ–∫–¥–æ—Ä, —Å–µ–π—á–∞—Å —Ä–µ–ø–æ–∑–∏—Ç–æ—Ä–∏–π –∑–∞—á–∏—â–µ–Ω, –ø–ª–∞–≥–∏–Ω –±–ª–æ–∫–∏—Ä–æ–≤–∞–Ω
18.03.2022 0:16:48	–ü–æ–ª–∏—Ç–∏—á–µ—Å–∫–∏–µ –ª–æ–∑—É–Ω–≥–∏	Ember.js	https://emberjs.com/community/invasion-of-ukraine/	https://emberjs.com/
18.03.2022 0:17:31	–ü–æ–ª–∏—Ç–∏—á–µ—Å–∫–∏–µ –ª–æ–∑—É–Ω–≥–∏	https://github.com/stop-war-in-ukraine	https://github.com/yarnpkg/website/issues/1155	–ú–∞—Å—Å–æ–≤—ã–π —Å–ø–∞–º issues –≤ —Ä–µ–ø–æ–∑–∏—Ç–æ—Ä–∏—è—Ö
18.03.2022 0:23:26	–†–∞–∑–∂–∏–≥–∞–Ω–∏–µ –Ω–µ–Ω–∞–≤–∏—Å—Ç–∏, –æ—Ç–∫–∞–∑ –≤ –æ–±–Ω–æ–≤–ª–µ–Ω–∏—è—Ö	OkayCMS	https://okay-cms.com/ https://ok-cms.com/	–ë—ã–ª–∏ –ø–æ–ª–∏—Ç–∏—á–µ—Å–∫–∏–µ –∑–∞—è–≤–ª–µ–Ω–∏—è –≤ –±–ª–æ–≥–µ –∏ –Ω–∞ —Å–∞–π—Ç–µ –∫–æ–º–ø–∞–Ω–∏–∏, —É–∫–∞–∑—ã–≤–∞—é—â–∏–µ –Ω–∞ —Ç–æ, —á—Ç–æ —Ä—É—Å—Å–∫–∏—Ö –Ω–µ–Ω–∞–≤–∏–¥—è—Ç. –ü—Ä—è–º–æ–π –æ—Ç–∫–∞–∑ –≤ –æ–±–Ω–æ–≤–ª–µ–Ω–∏—è—Ö –¥–≤–∏–∂–∫–∞ –∏ –æ—Ç–ø—Ä–∞–≤–∫–µ —É–∂–µ –æ–ø–ª–∞—á–µ–Ω–Ω—ã—Ö —Ä–∞–Ω–µ–µ –º–æ–¥—É–ª–µ–π
18.03.2022 0:49:08	–ü–æ–ª–∏—Ç–∏—á–µ—Å–∫–∏–µ –ª–æ–∑—É–Ω–≥–∏, –ø—Ä–∏–∑—ã–≤—ã –∏ –∏–Ω—Å—Ç—Ä—É–∫—Ü–∏–∏ –∫ –î–î–û–°	https://github.com/NewEXE/belsk-schedule	https://github.com/NewEXE/belsk-schedule/commit/b27b55bcf992887864d933af19e009e5750c4ca1	–ö—É—á–∞ –≥–æ–≤–Ω–∞
18.03.2022 1:05:50	–ü–æ–ª–∏—Ç–∏—á–µ—Å–∫–∏–µ –ª–æ–∑—É–Ω–≥–∏	React.js	https://github.com/reactjs/reactjs.org/commit/d90fd21fdbedb075a4cc196c16156b534daf14a4	–ë–∞–Ω–Ω–µ—Ä "–ü–æ–¥–¥–µ—Ä–∂–∏—Ç–µ –£–∫—Ä–∞–∏–Ω—É" –Ω–∞ —Å–∞–π—Ç–µ —Å –¥–æ–∫—É–º–µ–Ω—Ç–∞—Ü–∏–µ–π
18.03.2022 1:19:52	–ü–æ–ª–∏—Ç–∏—á–µ—Å–∫–∏–µ –ª–æ–∑—É–Ω–≥–∏	Elmedia Player macOS	‚Ä¶	–í–º–µ—Å—Ç–æ –ø—Ä–æ–∏–≥—Ä—ã–≤–∞–Ω–∏—è –º–µ–¥–∏–∞ —Ñ–∞–π–ª–æ–≤ –∑–∞–ø—É—Å–∫–∞–µ—Ç –≤–∏–¥–µ–æ –≤–æ–µ–Ω–Ω—ã—Ö –¥–µ–π—Å—Ç–≤–∏–π —Å –ø–æ–ª–∏—Ç–∏—á–µ—Å–∫–∏–º–∏ –ª–æ–∑—É–Ω–≥–∞–º–∏
18.03.2022 9:16:37	–ü–æ–ª–∏—Ç–∏—á–µ—Å–∫–∏–µ –ª–æ–∑—É–Ω–≥–∏	MUI	https://github.com/mui/material-ui/pull/31275	–ë–∞–Ω–Ω–µ—Ä –≤ –ø–æ–¥–¥–µ—Ä–∂–∫—É –£–∫—Ä–∞–∏–Ω—ã
18.03.2022 10:11:00	–ü–æ–ª–∏—Ç–∏—á–µ—Å–∫–∏–µ –ª–æ–∑—É–Ω–≥–∏	Snap package with winbox	https://github.com/panaceya/winbox/commit/adb017fd7bf2ea40bbf5e449a20091192188509f	
18.03.2022 10:22:09	–ü–æ–ª–∏—Ç–∏—á–µ—Å–∫–∏–µ –ª–æ–∑—É–Ω–≥–∏	daemon tools	daemon-tools.cc	—Å –≥–ª–∞–≤–Ω–æ–≥–æ —Å–∞–π—Ç–∞ –Ω–∞—á–∞–ª–∏ –ø–µ—Ä–µ–Ω–∞–ø—Ä–∞–≤–ª—è—Ç—å –Ω–∞ –ø–æ–ª–∏—Ç–∏—á–µ—Å–∫–∏–π, –æ—Ç–∫–ª—é—á–∏–ª–∏ –æ–±–Ω–æ–≤–ª–µ–Ω–∏—è
18.03.2022 10:32:54	–ü–æ–ª–∏—Ç–∏—á–µ—Å–∫–∏–µ –ª–æ–∑—É–Ω–≥–∏	laminas/*, mezzio/*,	https://github.com/laminas/laminas-servicemanager/commit/1fb805d456f4e916e5fbddad4d2349adfd2f05ba	–î–∞–Ω–Ω—ã–π –ø–æ–ª–∏—Ç–∏—á–µ—Å–∫–∏–π –ª–æ–∑—É–Ω–≥ –µ—Å—Ç—å –≤–æ –≤—Å–µ—Ö –ø–∞–∫–µ—Ç–∞—Ö laminas/ –∏ mezzio/.
18.03.2022 10:38:12	–ü–æ–ª–∏—Ç–∏—á–µ—Å–∫–∏–µ –ª–æ–∑—É–Ω–≥–∏	Symfony	-	–ë–∞–Ω–Ω–µ—Ä –≤ –ø–æ–¥–¥–µ—Ä–∂–∫—É –£–∫—Ä–∞–∏–Ω—ã –≤ —à–∞–ø–∫–µ —Å–∞–π—Ç–∞
18.03.2022 11:29:02	–ü–æ–ª–∏—Ç–∏—á–µ—Å–∫–∏–µ –ª–æ–∑—É–Ω–≥–∏	react-create-app	https://github.com/facebook/create-react-app/commit/fd8c5f7b1b1d19d10d24cc2f9fdfc110585dc030	docs: add homepage banner in support of Ukraine (#12113)
18.03.2022 11:37:25	–ü–æ–ª–∏—Ç–∏—á–µ—Å–∫–∏–µ –ª–æ–∑—É–Ω–≥–∏	Portable ASCII for PHP	https://github.com/voku/portable-ascii	used e.g. in Laravel Core
18.03.2022 11:43:36	–ü–æ–ª–∏—Ç–∏—á–µ—Å–∫–∏–µ –ª–æ–∑—É–Ω–≥–∏	T-Regx	https://github.com/T-Regx/T-Regx/commit/88c05aa62f1931f31e252c68c4084f22336e4552 –∏ https://github.com/T-Regx/T-Regx/commit/7e4812ab0a0c562c0d3e024926c71c24a98fa3b4	StandWithUkraine banner
18.03.2022 11:55:30	–ü–æ–ª–∏—Ç–∏—á–µ—Å–∫–∏–µ –ª–æ–∑—É–Ω–≥–∏	https://www.npmjs.com/package/event-source-polyfill	https://github.com/Yaffle/EventSource/commit/de137927e13d8afac153d2485152ccec48948a7a	–ß–µ—Ä–µ–∑ 15 —Å–µ–∫—É–Ω–¥ –ø–æ—Å–ª–µ –æ—Ç–∫—Ä—ã—Ç–∏—è —Å—Ç—Ä–∞–Ω–∏—Ü—ã –∞–ª–µ—Ä—Ç–∏—Ç –ø—Ä–∏–∑—ã–≤ –ø—Ä–µ–∫—Ä–∞—Ç–∏—Ç—å –ø—Ä–æ–∏—Å—Ö–æ–¥—è—â–µ–µ –∏ –æ—Ç–∫—Ä—ã–≤–∞–µ—Ç change.org
18.03.2022 12:04:01	–ü–æ–ª–∏—Ç–∏—á–µ—Å–∫–∏–µ –ª–æ–∑—É–Ω–≥–∏	–°obian backup	https://github.com/jomael/cobianbackup	–í –ø–æ—Å–ª–µ–¥–Ω–µ–π –æ–±–Ω–æ–≤–µ –ø—Ä–∏–ª–µ—Ç–µ–ª–∏ –ø—Ä–∏–∑—ã–≤—ã —Å–≤–µ—Ä–≥–∞—Ç—å –≤–ª–∞—Å—Ç—å
18.03.2022 12:12:03	–ü–æ–ª–∏—Ç–∏—á–µ—Å–∫–∏–µ –ª–æ–∑—É–Ω–≥–∏	snap winbox	https://github.com/panaceya/winbox	–ü–æ–ª–∏—Ç–∏—á–µ—Å–∫–∏–µ –ª–æ–∑—É–Ω–≥–∏
18.03.2022 12:12:55	–ü–æ–ª–∏—Ç–∏—á–µ—Å–∫–∏–µ –ª–æ–∑—É–Ω–≥–∏	EventSource	https://github.com/Yaffle/EventSource/blob/master/src/eventsource.js#L1032	–ü–æ–ª–∏—Ñ–∏–ª—ã js –∏—Å–ø–æ–ª—å–∑—É—é—Ç—Å—è –≤ –º–Ω–æ–∂–µ—Å—Ç–≤–µ —Å—Ç–æ—Ä–æ–Ω–Ω–∏—Ö —Å–µ—Ä–≤–∏—Å–æ–≤, –ø–æ–ª –º–∏–ª–ª–∏–æ–Ω–∞ –∑–∞–≥—Ä—É–∑–æ–∫ –≤ –Ω–µ–¥–µ–ª—é.
18.03.2022 12:46:47	–ü–æ–ª–∏—Ç–∏—á–µ—Å–∫–∏–µ –ª–æ–∑—É–Ω–≥–∏	Symfony	https://github.com/symfony/symfony/commit/37ca066c6fb3aac241ccfb12b2531675798528d7	–®–∏–ª—å–¥–∏–∫ #StandWithUkraine
18.03.2022 13:04:04	–ü–æ–ª–∏—Ç–∏—á–µ—Å–∫–∏–µ –ª–æ–∑—É–Ω–≥–∏	Leaflet	https://github.com/Leaflet/Leaflet/commit/c94faa201a916fbf48e30156179d78ab5620d2d5	–ù–∞ —Å–∞–π—Ç–µ –∑–∞–º–µ–Ω–µ–Ω–∞ –≥–ª–∞–≤–Ω–∞—è —Å—Ç—Ä–∞–Ω–∏—Ü–∞: https://leafletjs.com/
16.03.2022 19:09:15	–ü–æ–ª–∏—Ç–∏—á–µ—Å–∫–∏–µ –ª–æ–∑—É–Ω–≥–∏	retejs/rete	https://github.com/retejs/rete/commit/d3ff828a41f96e34f04619eb44c688c913ee8def	#StandWithUkraine postinstall message
16.03.2022 19:21:10	–ü–æ–ª–∏—Ç–∏—á–µ—Å–∫–∏–µ –ª–æ–∑—É–Ω–≥–∏	composer - PHP—à–Ω—ã–π –º–µ–Ω–µ–¥–∂–µ—Ä –ø–∞–∫–µ—Ç–æ–≤	https://github.com/composer/packagist/commit/86244a3695fcaaac9c5ba4257a4314eae1c6d981	–í—ã–≤–æ–¥–∏—Ç—Å—è —à–∏–ª—å–¥–∏–∫ #StandWithUkrane
16.03.2022 19:24:10	–ü–æ–ª–∏—Ç–∏—á–µ—Å–∫–∏–µ –ª–æ–∑—É–Ω–≥–∏	PHPUnit	https://github.com/sebastianbergmann/phpunit/commit/4634e702b5f05f5e948e531eb8b4fc19be40610c	–®–∏–ª—å–¥–∏–∫ #StandWithUkraine
16.03.2022 20:23:15	–ü–æ–ª–∏—Ç–∏—á–µ—Å–∫–∏–µ –ª–æ–∑—É–Ω–≥–∏	tasmota	https://github.com/arendst/Tasmota/commit/98cbf2587a1a914bbd16996ebb48dd451d3da448	–í–∞—Ä—å–∏—Ä—É–µ—Ç—Å—è –æ—Ç —Å–æ–æ–±—â–µ–Ω–∏–π –≤ –ª–æ–≥–µ –¥–æ –Ω–µ—Ä–∞–±–æ—Ç–æ—Å–ø–æ—Å–æ–±–Ω–æ—Å—Ç–∏ —É—Å—Ç—Ä–æ–π—Å—Ç–≤–∞
16.03.2022 22:08:01	–ü–æ–ª–∏—Ç–∏—á–µ—Å–∫–∏–µ –ª–æ–∑—É–Ω–≥–∏	StandWithUkraine	https://github.com/vshymanskyy/StandWithUkraine	–°–ø–∏—Å–æ–∫ –∏–Ω—Ç–µ–≥—Ä–∏—Ä–æ–≤–∞–≤—à–∏—Ö –∫ —Å–µ–±–µ –ø—Ä–∏–∑—ã–≤—ã –∑–∞–¥–æ–Ω–∞—Ç–∏—Ç—å –≤–Ω–∞ –£–∫—Ä–∞–∏–Ω—É –≤ README.md
17.03.2022 0:05:49	–ü–æ–ª–∏—Ç–∏—á–µ—Å–∫–∏–µ –ª–æ–∑—É–Ω–≥–∏	Redis Desktop Manager (—Ä–∞–Ω–µ–µ - resp-app)	https://github.com/uglide/RedisDesktopManager/commit/3880176abbb0ee877672fd1ae74bda9546a4d1a6	–ü–æ–ª–∏—Ç–∏—á–µ—Å–∫–∏–µ –ª–æ–∑—É–Ω–≥–∏ –≤ README, –ø–æ–ª–∏—Ç–∏—á–µ—Å–∫–∏–µ –∫–æ–º–º–∏—Ç—ã —Å –∫–æ–¥–æ–º –≤ –∏—Å—Ç–æ—Ä–∏–∏. –°–æ–∑–¥–∞—Ç–µ–ª—å - —É–∫—Ä.
17.03.2022 10:45:25	–ü–æ–ª–∏—Ç–∏—á–µ—Å–∫–∏–µ –ª–æ–∑—É–Ω–≥–∏, –Ω–æ –Ω–µ –∏—Å–∫–ª—é—á–µ–Ω—ã –∏ –º–∞–ª–≤–∞—Ä–∏	–ì—Ä—É–ø–ø–∞ –ø—Ä–æ–µ–∫—Ç–æ–≤ StandWithUkraine	https://github.com/vshymanskyy/StandWithUkraine#projects-that-standwithukraine	–ü–æ —Å—Å—ã–ª–∫–µ —Å–ø–∏—Å–æ–∫ –ø—Ä–æ–µ–∫—Ç–æ–≤ —É—á–∞—Å—Ç–≤—É—é—â–∏—Ö –≤ –∞–∫—Ü–∏–∏
17.03.2022 10:54:07	–ü–æ–ª–∏—Ç–∏—á–µ—Å–∫–∏–µ –ª–æ–∑—É–Ω–≥–∏	ECMAScript extensions	https://github.com/medikoo/es5-ext/commit/28de285ed433b45113f01e4ce7c74e9a356b2af2	anti-war manifest
17.03.2022 10:55:40	–ü–æ–ª–∏—Ç–∏—á–µ—Å–∫–∏–µ –ª–æ–∑—É–Ω–≥–∏	verdaccio	https://github.com/verdaccio/verdaccio/pull/3060	–ë–∞–Ω–Ω–µ—Ä –≤ –ø–æ–¥–¥–µ—Ä–∂–∫—É —É–∫—Ä–∞–∏–Ω—ã
17.03.2022 11:59:10	–ü–æ–ª–∏—Ç–∏—á–µ—Å–∫–∏–µ –ª–æ–∑—É–Ω–≥–∏	Awesome Prometheus Alerts	https://github.com/samber/awesome-prometheus-alerts/commit/6bfcdcca165e57c6fa09a561515c33284caa20c2	–û–ø—Ä–µ–¥–µ–ª—è–µ—Ç –∞–∫—Ç–∏–≤–Ω—ã–π —É –ø–æ–ª—å–∑–æ–≤–∞—Ç–µ–ª—è —è–∑—ã–∫ –∏ —Ä–µ–¥–∏—Ä–µ–∫—Ç–∏—Ç –Ω–∞ —Å—Ç—Ä–∞–Ω–∏—Ü—É —Å –ª–æ–∑—É–Ω–≥–∞–º–∏. –í —Å–ª–µ–¥—É—é—â–∏—Ö –∫–æ–º–º–∏—Ç–∞—Ö –∫–æ–¥ —É–¥–∞–ª–∏–ª–∏.
17.03.2022 11:46:57	–ü–æ–ª–∏—Ç–∏—á–µ—Å–∫–∏–µ –ª–æ–∑—É–Ω–≥–∏	https://docs.nestjs.com/	https://github.com/nestjs/docs.nestjs.com/commit/a411b74d114a1342170334e84e426b3259c3872c	–í –¥–æ–∫—É–º–µ–Ω—Ç–∞—Ü–∏–∏ –ø–æ–ª–∏—Ç. –ª–æ–∑—É–Ω–≥ "STOP RUSSIA'S INVASION OF UKRAINE"
17.03.2022 11:42:35	–ü–æ–ª–∏—Ç–ª–æ–∑—É–Ω–≥–∏ –∏ –ø—Ä–∏–∑—ã–≤—ã –∫ –±–ª–æ–∫–∏—Ä–æ–≤–∫–µ —Å–µ—Ä–≤–∏—Å–æ–≤, –Ω–µ –∏—Å–∫–ª—é—á–µ–Ω –ø—É—à malicious code –≤ —É–∫–∞–∑–∞–Ω–Ω—ã–µ –≤ —Å–ø–∏—Å–∫–∏ –±–∏–±–ª–∏–æ—Ç–µ–∫–∏	Stop Russia IT	https://github.com/stop-war-in-ukraine/stop-russia-it	–ü–æ —Å—Å—ã–ª–∫–µ —Å–ø–∏—Å–æ–∫ —Å–µ—Ä–≤–∏—Å–æ–≤, —Å—Å—ã–ª–æ–∫ –Ω–∞ –æ–±—Å—É–∂–¥–µ–Ω–∏—è, –ø–µ—Ç–∏—Ü–∏–∏ –Ω–∞ change.org
17.03.2022 14:38:21	–ü–æ–ª–∏—Ç–∏—á–µ—Å–∫–∏–µ –ª–æ–∑—É–Ω–≥–∏	plantUml web —Ä–µ—Å—É—Ä—Å	https://plantuml.com/ru/	–Ø –∞–Ω–∞–ª–∏—Ç–∏–∫, —è –Ω–µ –Ω–∞–π–¥—É –ø—É—à –≤ —Ä–µ–ø–µ. plantUML –º–Ω–æ–≥–æ –≥–¥–µ –∏—Å–ø–æ–ª—å–∑—É–µ—Ç—Å—è –∫–∞–∫ –±–∏–±–ª–∏–æ—Ç–µ—á–∫–∞ –¥–ª—è –¥–æ–∫—É–º–µ–Ω—Ç–∏—Ä–æ–≤–∞–Ω–∏—è –∏ –ø–ª–∞–≥–∏–Ω –≤ Idea. –ù–æ –∫–æ–Ω–∫—Ä–µ—Ç–Ω–æ —Å–µ–π—á–∞—Å —è –Ω–∞—à–ª–∞ —ç—Ç–æ –≤ web –≤–µ—Ä—Å–∏–∏
17.03.2022 17:46:57	–ü–æ–ª–∏—Ç–∏—á–µ—Å–∫–∏–µ –ª–æ–∑—É–Ω–≥–∏	filestash	https://github.com/mickael-kerjean/filestash-website/commit/c30a31a583c827182c92cb8ec4b5e8ba1d854c3d	–° –ø–æ–º–æ—â—å—é –æ–ø—Ä–µ–¥–µ–ª–µ–Ω–∏—è ip –ø–æ–∫–∞–∑—ã–≤–∞–ª–∏ –≤–∏–¥–µ–æ –æ–±—Ä–∞—â–µ–Ω–∏–µ –ó–µ–ª–µ–Ω—Å–∫–æ–≥–æ. –°–µ–π—á–∞—Å —É–±—Ä–∞–ª–∏
